trait_id	file_path	trait_name	n	assigned_ancestry	reported_population	af_overlap	nnls_residual	dominant_superpop	dominant_proportion	runner_up_margin	gate_reason	ancestry_prop_AFR	ancestry_prop_AMR	ancestry_prop_EAS	ancestry_prop_EUR	ancestry_prop_MID	ancestry_prop_NAF	ancestry_prop_SAS	catalogue_version	ancestry_reference_version	gate_tau	gate_delta	gate_n_min	gate_residual_max	routing_ancestry	routing_source	total_variants	genome_distributed	low_coverage	store_eligible
bbj-a-1	/local-scratch/data/opengwas/igd/bbj-a-1/bbj-a-1.vcf.gz	Body mass index	158284	EAS	East Asian	4233430	0.01794	EAS	0.994169	0.991495	ok	0.000817144	0.0023399	0.994169	0	0	0	0.00267381	ieu-abj-genome-v1	prive2022-hg19	0.5	0.2	5000	0.06	EAS	af-assigned	5961600	True	False	True
bbj-a-2	/local-scratch/data/opengwas/igd/bbj-a-2/bbj-a-2.vcf.gz	Body mass index	85894	EAS	East Asian	4233430	0.01794	EAS	0.994169	0.991495	ok	0.000817144	0.0023399	0.994169	0	0	0	0.00267381	ieu-abj-genome-v1	prive2022-hg19	0.5	0.2	5000	0.06	EAS	af-assigned	6108953	True	False	True
bbj-a-3	/local-scratch/data/opengwas/igd/bbj-a-3/bbj-a-3.vcf.gz	Body mass index	72390	EAS	East Asian	4233430	0.01794	EAS	0.994169	0.991495	ok	0.000817144	0.0023399	0.994169	0	0	0	0.00267381	ieu-abj-genome-v1	prive2022-hg19	0.5	0.2	5000	0.06	EAS	af-assigned	6108953	True	False	True
bbj-a-4	/local-scratch/data/opengwas/igd/bbj-a-4/bbj-a-4.vcf.gz	Albumin/globulin ratio	98626	EAS	East Asian	4233430	0.01794	EAS	0.994169	0.991495	ok	0.000817144	0.0023399	0.994169	0	0	0	0.00267381	ieu-abj-genome-v1	prive2022-hg19	0.5	0.2	5000	0.06	EAS	af-assigned	6108953	True	False	True
bbj-a-5	/local-scratch/data/opengwas/igd/bbj-a-5/bbj-a-5.vcf.gz	Alkaline phosphatase	105030	EAS	East Asian	4233430	0.01794	EAS	0.994169	0.991495	ok	0.000817144	0.0023399	0.994169	0	0	0	0.00267381	ieu-abj-genome-v1	prive2022-hg19	0.5	0.2	5000	0.06	EAS	af-assigned	6108953	True	False	True
bbj-a-6	/local-scratch/data/opengwas/igd/bbj-a-6/bbj-a-6.vcf.gz	Alanine aminotransferase	134182	EAS	East Asian	4233430	0.01794	EAS	0.994169	0.991495	ok	0.000817144	0.0023399	0.994169	0	0	0	0.00267381	ieu-abj-genome-v1	prive2022-hg19	0.5	0.2	5000	0.06	EAS	af-assigned	6108953	True	False	True
bbj-a-7	/local-scratch/data/opengwas/igd/bbj-a-7/bbj-a-7.vcf.gz	Activated partial thromboplastin time	37767	EAS	East Asian	4233430	0.01794	EAS	0.994169	0.991495	ok	0.000817144	0.0023399	0.994169	0	0	0	0.00267381	ieu-abj-genome-v1	prive2022-hg19	0.5	0.2	5000	0.06	EAS	af-assigned	6108953	True	False	True
bbj-a-8	/local-scratch/data/opengwas/igd/bbj-a-8/bbj-a-8.vcf.gz	Aspartate aminotransferase	134154	EAS	East Asian	4233430	0.01794	EAS	0.994169	0.991495	ok	0.000817144	0.0023399	0.994169	0	0	0	0.00267381	ieu-abj-genome-v1	prive2022-hg19	0.5	0.2	5000	0.06	EAS	af-assigned	6108953	True	False	True
bbj-a-9	/local-scratch/data/opengwas/igd/bbj-a-9/bbj-a-9.vcf.gz	Albumin	102223	EAS	East Asian	4233430	0.01794	EAS	0.994169	0.991495	ok	0.000817144	0.0023399	0.994169	0	0	0	0.00267381	ieu-abj-genome-v1	prive2022-hg19	0.5	0.2	5000	0.06	EAS	af-assigned	6108953	True	False	True
bbj-a-10	/local-scratch/data/opengwas/igd/bbj-a-10/bbj-a-10.vcf.gz	Blood sugar	93146	EAS	East Asian	4233430	0.01794	EAS	0.994169	0.991495	ok	0.000817144	0.0023399	0.994169	0	0	0	0.00267381	ieu-abj-genome-v1	prive2022-hg19	0.5	0.2	5000	0.06	EAS	af-assigned	6108953	True	False	True
bbj-a-11	/local-scratch/data/opengwas/igd/bbj-a-11/bbj-a-11.vcf.gz	Blood urea nitrogen	139818	EAS	East Asian	4233430	0.01794	EAS	0.994169	0.991495	ok	0.000817144	0.0023399	0.994169	0	0	0	0.00267381	ieu-abj-genome-v1	prive2022-hg19	0.5	0.2	5000	0.06	EAS	af-assigned	6108953	True	False	True
bbj-a-12	/local-scratch/data/opengwas/igd/bbj-a-12/bbj-a-12.vcf.gz	Basophil count	62076	EAS	East Asian	4233430	0.01794	EAS	0.994169	0.991495	ok	0.000817144	0.0023399	0.994169	0	0	0	0.00267381	ieu-abj-genome-v1	prive2022-hg19	0.5	0.2	5000	0.06	EAS	af-assigned	6108953	True	False	True
bbj-a-13	/local-scratch/data/opengwas/igd/bbj-a-13/bbj-a-13.vcf.gz	Creatine kinase	106080	EAS	East Asian	4233430	0.01794	EAS	0.994169	0.991495	ok	0.000817144	0.0023399	0.994169	0	0	0	0.00267381	ieu-abj-genome-v1	prive2022-hg19	0.5	0.2	5000	0.06	EAS	af-assigned	6108953	True	False	True
bbj-a-14	/local-scratch/data/opengwas/igd/bbj-a-14/bbj-a-14.vcf.gz	C-reactive protein	75391	EAS	East Asian	4233430	0.01794	EAS	0.994169	0.991495	ok	0.000817144	0.0023399	0.994169	0	0	0	0.00267381	ieu-abj-genome-v1	prive2022-hg19	0.5	0.2	5000	0.06	EAS	af-assigned	6108953	True	False	True
bbj-a-15	/local-scratch/data/opengwas/igd/bbj-a-15/bbj-a-15.vcf.gz	Calcium	71701	EAS	East Asian	4233430	0.01794	EAS	0.994169	0.991495	ok	0.000817144	0.0023399	0.994169	0	0	0	0.00267381	ieu-abj-genome-v1	prive2022-hg19	0.5	0.2	5000	0.06	EAS	af-assigned	6108953	True	False	True
bbj-a-16	/local-scratch/data/opengwas/igd/bbj-a-16/bbj-a-16.vcf.gz	Chloride	126402	EAS	East Asian	4233430	0.01794	EAS	0.994169	0.991495	ok	0.000817144	0.0023399	0.994169	0	0	0	0.00267381	ieu-abj-genome-v1	prive2022-hg19	0.5	0.2	5000	0.06	EAS	af-assigned	6108953	True	False	True
bbj-a-17	/local-scratch/data/opengwas/igd/bbj-a-17/bbj-a-17.vcf.gz	Diastolic blood pressure	136615	EAS	East Asian	4233430	0.01794	EAS	0.994169	0.991495	ok	0.000817144	0.0023399	0.994169	0	0	0	0.00267381	ieu-abj-genome-v1	prive2022-hg19	0.5	0.2	5000	0.06	EAS	af-assigned	6108953	True	False	True
bbj-a-18	/local-scratch/data/opengwas/igd/bbj-a-18/bbj-a-18.vcf.gz	E/A ratio	8600	EAS	East Asian	4233430	0.01794	EAS	0.994169	0.991495	ok	0.000817144	0.0023399	0.994169	0	0	0	0.00267381	ieu-abj-genome-v1	prive2022-hg19	0.5	0.2	5000	0.06	EAS	af-assigned	6108953	True	False	True
bbj-a-19	/local-scratch/data/opengwas/igd/bbj-a-19/bbj-a-19.vcf.gz	Ejection fraction	19516	EAS	East Asian	4233430	0.01794	EAS	0.994169	0.991495	ok	0.000817144	0.0023399	0.994169	0	0	0	0.00267381	ieu-abj-genome-v1	prive2022-hg19	0.5	0.2	5000	0.06	EAS	af-assigned	6108953	True	False	True
bbj-a-20	/local-scratch/data/opengwas/igd/bbj-a-20/bbj-a-20.vcf.gz	Eosinophil count	62076	EAS	East Asian	4233430	0.01794	EAS	0.994169	0.991495	ok	0.000817144	0.0023399	0.994169	0	0	0	0.00267381	ieu-abj-genome-v1	prive2022-hg19	0.5	0.2	5000	0.06	EAS	af-assigned	6108953	True	False	True
bbj-a-21	/local-scratch/data/opengwas/igd/bbj-a-21/bbj-a-21.vcf.gz	Fractional shortening	19580	EAS	East Asian	4233430	0.01794	EAS	0.994169	0.991495	ok	0.000817144	0.0023399	0.994169	0	0	0	0.00267381	ieu-abj-genome-v1	prive2022-hg19	0.5	0.2	5000	0.06	EAS	af-assigned	6108953	True	False	True
bbj-a-22	/local-scratch/data/opengwas/igd/bbj-a-22/bbj-a-22.vcf.gz	Fibrinogen	18348	EAS	East Asian	4233430	0.01794	EAS	0.994169	0.991495	ok	0.000817144	0.0023399	0.994169	0	0	0	0.00267381	ieu-abj-genome-v1	prive2022-hg19	0.5	0.2	5000	0.06	EAS	af-assigned	6108953	True	False	True
bbj-a-23	/local-scratch/data/opengwas/igd/bbj-a-23/bbj-a-23.vcf.gz	Gamma glutamyl transferase	118309	EAS	East Asian	4233430	0.01794	EAS	0.994169	0.991495	ok	0.000817144	0.0023399	0.994169	0	0	0	0.00267381	ieu-abj-genome-v1	prive2022-hg19	0.5	0.2	5000	0.06	EAS	af-assigned	6108953	True	False	True
bbj-a-24	/local-scratch/data/opengwas/igd/bbj-a-24/bbj-a-24.vcf.gz	High-density-lipoprotein cholesterol	70657	EAS	East Asian	4233430	0.01794	EAS	0.994169	0.991495	ok	0.000817144	0.0023399	0.994169	0	0	0	0.00267381	ieu-abj-genome-v1	prive2022-hg19	0.5	0.2	5000	0.06	EAS	af-assigned	6108953	True	False	True
bbj-a-25	/local-scratch/data/opengwas/igd/bbj-a-25/bbj-a-25.vcf.gz	Hemoglobin	108769	EAS	East Asian	4233430	0.01794	EAS	0.994169	0.991495	ok	0.000817144	0.0023399	0.994169	0	0	0	0.00267381	ieu-abj-genome-v1	prive2022-hg19	0.5	0.2	5000	0.06	EAS	af-assigned	6108953	True	False	True
bbj-a-26	/local-scratch/data/opengwas/igd/bbj-a-26/bbj-a-26.vcf.gz	Hemoglobin A1c	42790	EAS	East Asian	4233430	0.01794	EAS	0.994169	0.991495	ok	0.000817144	0.0023399	0.994169	0	0	0	0.00267381	ieu-abj-genome-v1	prive2022-hg19	0.5	0.2	5000	0.06	EAS	af-assigned	6108953	True	False	True
bbj-a-27	/local-scratch/data/opengwas/igd/bbj-a-27/bbj-a-27.vcf.gz	Hematocrit	108757	EAS	East Asian	4233430	0.01794	EAS	0.994169	0.991495	ok	0.000817144	0.0023399	0.994169	0	0	0	0.00267381	ieu-abj-genome-v1	prive2022-hg19	0.5	0.2	5000	0.06	EAS	af-assigned	6108953	True	False	True
bbj-a-28	/local-scratch/data/opengwas/igd/bbj-a-28/bbj-a-28.vcf.gz	Interventricular septum thickness	19318	EAS	East Asian	4233430	0.01794	EAS	0.994169	0.991495	ok	0.000817144	0.0023399	0.994169	0	0	0	0.00267381	ieu-abj-genome-v1	prive2022-hg19	0.5	0.2	5000	0.06	EAS	af-assigned	6108953	True	False	True
bbj-a-29	/local-scratch/data/opengwas/igd/bbj-a-29/bbj-a-29.vcf.gz	Potassium	132938	EAS	East Asian	4233430	0.01794	EAS	0.994169	0.991495	ok	0.000817144	0.0023399	0.994169	0	0	0	0.00267381	ieu-abj-genome-v1	prive2022-hg19	0.5	0.2	5000	0.06	EAS	af-assigned	6108953	True	False	True
bbj-a-30	/local-scratch/data/opengwas/igd/bbj-a-30/bbj-a-30.vcf.gz	Lactate dehydrogenase	126319	EAS	East Asian	4233430	0.01794	EAS	0.994169	0.991495	ok	0.000817144	0.0023399	0.994169	0	0	0	0.00267381	ieu-abj-genome-v1	prive2022-hg19	0.5	0.2	5000	0.06	EAS	af-assigned	6108953	True	False	True
bbj-a-31	/local-scratch/data/opengwas/igd/bbj-a-31/bbj-a-31.vcf.gz	Low-density-lipoprotein cholesterol	72866	EAS	East Asian	4233430	0.01794	EAS	0.994169	0.991495	ok	0.000817144	0.0023399	0.994169	0	0	0	0.00267381	ieu-abj-genome-v1	prive2022-hg19	0.5	0.2	5000	0.06	EAS	af-assigned	6108953	True	False	True
bbj-a-32	/local-scratch/data/opengwas/igd/bbj-a-32/bbj-a-32.vcf.gz	Left ventricular internal dimension in diastole	19676	EAS	East Asian	4233430	0.01794	EAS	0.994169	0.991495	ok	0.000817144	0.0023399	0.994169	0	0	0	0.00267381	ieu-abj-genome-v1	prive2022-hg19	0.5	0.2	5000	0.06	EAS	af-assigned	6108953	True	False	True
bbj-a-33	/local-scratch/data/opengwas/igd/bbj-a-33/bbj-a-33.vcf.gz	Left ventricular internal dimension in systole	19586	EAS	East Asian	4233430	0.01794	EAS	0.994169	0.991495	ok	0.000817144	0.0023399	0.994169	0	0	0	0.00267381	ieu-abj-genome-v1	prive2022-hg19	0.5	0.2	5000	0.06	EAS	af-assigned	6108953	True	False	True
bbj-a-34	/local-scratch/data/opengwas/igd/bbj-a-34/bbj-a-34.vcf.gz	Left ventricular mass	19076	EAS	East Asian	4233430	0.01794	EAS	0.994169	0.991495	ok	0.000817144	0.0023399	0.994169	0	0	0	0.00267381	ieu-abj-genome-v1	prive2022-hg19	0.5	0.2	5000	0.06	EAS	af-assigned	6108953	True	False	True
bbj-a-35	/local-scratch/data/opengwas/igd/bbj-a-35/bbj-a-35.vcf.gz	Left ventricular mass index	17837	EAS	East Asian	4233430	0.01794	EAS	0.994169	0.991495	ok	0.000817144	0.0023399	0.994169	0	0	0	0.00267381	ieu-abj-genome-v1	prive2022-hg19	0.5	0.2	5000	0.06	EAS	af-assigned	6108953	True	False	True
bbj-a-36	/local-scratch/data/opengwas/igd/bbj-a-36/bbj-a-36.vcf.gz	Lymphocyte count	62076	EAS	East Asian	4233430	0.01794	EAS	0.994169	0.991495	ok	0.000817144	0.0023399	0.994169	0	0	0	0.00267381	ieu-abj-genome-v1	prive2022-hg19	0.5	0.2	5000	0.06	EAS	af-assigned	6108953	True	False	True
bbj-a-37	/local-scratch/data/opengwas/igd/bbj-a-37/bbj-a-37.vcf.gz	Mean arterial pressure	136482	EAS	East Asian	4233430	0.01794	EAS	0.994169	0.991495	ok	0.000817144	0.0023399	0.994169	0	0	0	0.00267381	ieu-abj-genome-v1	prive2022-hg19	0.5	0.2	5000	0.06	EAS	af-assigned	6108953	True	False	True
bbj-a-38	/local-scratch/data/opengwas/igd/bbj-a-38/bbj-a-38.vcf.gz	Mean corpuscular hemoglobin	108054	EAS	East Asian	4233430	0.01794	EAS	0.994169	0.991495	ok	0.000817144	0.0023399	0.994169	0	0	0	0.00267381	ieu-abj-genome-v1	prive2022-hg19	0.5	0.2	5000	0.06	EAS	af-assigned	6108953	True	False	True
bbj-a-39	/local-scratch/data/opengwas/igd/bbj-a-39/bbj-a-39.vcf.gz	Mean corpuscular hemoglobin concentration	108728	EAS	East Asian	4233430	0.01794	EAS	0.994169	0.991495	ok	0.000817144	0.0023399	0.994169	0	0	0	0.00267381	ieu-abj-genome-v1	prive2022-hg19	0.5	0.2	5000	0.06	EAS	af-assigned	6108953	True	False	True
bbj-a-40	/local-scratch/data/opengwas/igd/bbj-a-40/bbj-a-40.vcf.gz	Mean corpuscular volume	108256	EAS	East Asian	4233430	0.01794	EAS	0.994169	0.991495	ok	0.000817144	0.0023399	0.994169	0	0	0	0.00267381	ieu-abj-genome-v1	prive2022-hg19	0.5	0.2	5000	0.06	EAS	af-assigned	6108953	True	False	True
bbj-a-41	/local-scratch/data/opengwas/igd/bbj-a-41/bbj-a-41.vcf.gz	Monocyte count	62076	EAS	East Asian	4233430	0.01794	EAS	0.994169	0.991495	ok	0.000817144	0.0023399	0.994169	0	0	0	0.00267381	ieu-abj-genome-v1	prive2022-hg19	0.5	0.2	5000	0.06	EAS	af-assigned	6108953	True	False	True
bbj-a-42	/local-scratch/data/opengwas/igd/bbj-a-42/bbj-a-42.vcf.gz	Non-albumin protein	98538	EAS	East Asian	4233430	0.01794	EAS	0.994169	0.991495	ok	0.000817144	0.0023399	0.994169	0	0	0	0.00267381	ieu-abj-genome-v1	prive2022-hg19	0.5	0.2	5000	0.06	EAS	af-assigned	6108953	True	False	True
bbj-a-43	/local-scratch/data/opengwas/igd/bbj-a-43/bbj-a-43.vcf.gz	Sodium	127304	EAS	East Asian	4233430	0.01794	EAS	0.994169	0.991495	ok	0.000817144	0.0023399	0.994169	0	0	0	0.00267381	ieu-abj-genome-v1	prive2022-hg19	0.5	0.2	5000	0.06	EAS	af-assigned	6108953	True	False	True
bbj-a-44	/local-scratch/data/opengwas/igd/bbj-a-44/bbj-a-44.vcf.gz	Neutrophil count	62076	EAS	East Asian	4233430	0.01794	EAS	0.994169	0.991495	ok	0.000817144	0.0023399	0.994169	0	0	0	0.00267381	ieu-abj-genome-v1	prive2022-hg19	0.5	0.2	5000	0.06	EAS	af-assigned	6108953	True	False	True
bbj-a-45	/local-scratch/data/opengwas/igd/bbj-a-45/bbj-a-45.vcf.gz	Phosphorus	42793	EAS	East Asian	4233430	0.01794	EAS	0.994169	0.991495	ok	0.000817144	0.0023399	0.994169	0	0	0	0.00267381	ieu-abj-genome-v1	prive2022-hg19	0.5	0.2	5000	0.06	EAS	af-assigned	6108953	True	False	True
bbj-a-46	/local-scratch/data/opengwas/igd/bbj-a-46/bbj-a-46.vcf.gz	Pulse pressure	136249	EAS	East Asian	4233430	0.01794	EAS	0.994169	0.991495	ok	0.000817144	0.0023399	0.994169	0	0	0	0.00267381	ieu-abj-genome-v1	prive2022-hg19	0.5	0.2	5000	0.06	EAS	af-assigned	6108953	True	False	True
bbj-a-47	/local-scratch/data/opengwas/igd/bbj-a-47/bbj-a-47.vcf.gz	Prothrombin time	58110	EAS	East Asian	4233430	0.01794	EAS	0.994169	0.991495	ok	0.000817144	0.0023399	0.994169	0	0	0	0.00267381	ieu-abj-genome-v1	prive2022-hg19	0.5	0.2	5000	0.06	EAS	af-assigned	6108953	True	False	True
bbj-a-48	/local-scratch/data/opengwas/igd/bbj-a-48/bbj-a-48.vcf.gz	Posterior wall thickness	19373	EAS	East Asian	4233430	0.01794	EAS	0.994169	0.991495	ok	0.000817144	0.0023399	0.994169	0	0	0	0.00267381	ieu-abj-genome-v1	prive2022-hg19	0.5	0.2	5000	0.06	EAS	af-assigned	6108953	True	False	True
bbj-a-49	/local-scratch/data/opengwas/igd/bbj-a-49/bbj-a-49.vcf.gz	Platelet count	108208	EAS	East Asian	4233430	0.01794	EAS	0.994169	0.991495	ok	0.000817144	0.0023399	0.994169	0	0	0	0.00267381	ieu-abj-genome-v1	prive2022-hg19	0.5	0.2	5000	0.06	EAS	af-assigned	6108953	True	False	True
bbj-a-50	/local-scratch/data/opengwas/igd/bbj-a-50/bbj-a-50.vcf.gz	Red blood cell count	108794	EAS	East Asian	4233430	0.01794	EAS	0.994169	0.991495	ok	0.000817144	0.0023399	0.994169	0	0	0	0.00267381	ieu-abj-genome-v1	prive2022-hg19	0.5	0.2	5000	0.06	EAS	af-assigned	6108953	True	False	True
bbj-a-51	/local-scratch/data/opengwas/igd/bbj-a-51/bbj-a-51.vcf.gz	Relative wall thickness	19311	EAS	East Asian	4233430	0.01794	EAS	0.994169	0.991495	ok	0.000817144	0.0023399	0.994169	0	0	0	0.00267381	ieu-abj-genome-v1	prive2022-hg19	0.5	0.2	5000	0.06	EAS	af-assigned	6108953	True	False	True
bbj-a-52	/local-scratch/data/opengwas/igd/bbj-a-52/bbj-a-52.vcf.gz	Systolic blood pressure	136597	EAS	East Asian	4233430	0.01794	EAS	0.994169	0.991495	ok	0.000817144	0.0023399	0.994169	0	0	0	0.00267381	ieu-abj-genome-v1	prive2022-hg19	0.5	0.2	5000	0.06	EAS	af-assigned	6108953	True	False	True
bbj-a-53	/local-scratch/data/opengwas/igd/bbj-a-53/bbj-a-53.vcf.gz	Total bilirubin	110207	EAS	East Asian	4233430	0.01794	EAS	0.994169	0.991495	ok	0.000817144	0.0023399	0.994169	0	0	0	0.00267381	ieu-abj-genome-v1	prive2022-hg19	0.5	0.2	5000	0.06	EAS	af-assigned	6108953	True	False	True
bbj-a-54	/local-scratch/data/opengwas/igd/bbj-a-54/bbj-a-54.vcf.gz	Total cholesterol	128305	EAS	East Asian	4233430	0.01794	EAS	0.994169	0.991495	ok	0.000817144	0.0023399	0.994169	0	0	0	0.00267381	ieu-abj-genome-v1	prive2022-hg19	0.5	0.2	5000	0.06	EAS	af-assigned	6108953	True	False	True
bbj-a-55	/local-scratch/data/opengwas/igd/bbj-a-55/bbj-a-55.vcf.gz	Triglyceride	105597	EAS	East Asian	4233430	0.01794	EAS	0.994169	0.991495	ok	0.000817144	0.0023399	0.994169	0	0	0	0.00267381	ieu-abj-genome-v1	prive2022-hg19	0.5	0.2	5000	0.06	EAS	af-assigned	6108953	True	False	True
bbj-a-56	/local-scratch/data/opengwas/igd/bbj-a-56/bbj-a-56.vcf.gz	Total protein	113509	EAS	East Asian	4233430	0.01794	EAS	0.994169	0.991495	ok	0.000817144	0.0023399	0.994169	0	0	0	0.00267381	ieu-abj-genome-v1	prive2022-hg19	0.5	0.2	5000	0.06	EAS	af-assigned	6108953	True	False	True
bbj-a-57	/local-scratch/data/opengwas/igd/bbj-a-57/bbj-a-57.vcf.gz	Uric acid	109029	EAS	East Asian	4233430	0.01794	EAS	0.994169	0.991495	ok	0.000817144	0.0023399	0.994169	0	0	0	0.00267381	ieu-abj-genome-v1	prive2022-hg19	0.5	0.2	5000	0.06	EAS	af-assigned	6108953	True	False	True
bbj-a-58	/local-scratch/data/opengwas/igd/bbj-a-58/bbj-a-58.vcf.gz	White blood cell count	107964	EAS	East Asian	4233430	0.01794	EAS	0.994169	0.991495	ok	0.000817144	0.0023399	0.994169	0	0	0	0.00267381	ieu-abj-genome-v1	prive2022-hg19	0.5	0.2	5000	0.06	EAS	af-assigned	6108953	True	False	True
bbj-a-59	/local-scratch/data/opengwas/igd/bbj-a-59/bbj-a-59.vcf.gz	Zinc sulfate turbidity test	12303	EAS	East Asian	4233430	0.01794	EAS	0.994169	0.991495	ok	0.000817144	0.0023399	0.994169	0	0	0	0.00267381	ieu-abj-genome-v1	prive2022-hg19	0.5	0.2	5000	0.06	EAS	af-assigned	6108953	True	False	True
bbj-a-60	/local-scratch/data/opengwas/igd/bbj-a-60/bbj-a-60.vcf.gz	Estimated glomerular filtration rate	143658	EAS	East Asian	4233430	0.01794	EAS	0.994169	0.991495	ok	0.000817144	0.0023399	0.994169	0	0	0	0.00267381	ieu-abj-genome-v1	prive2022-hg19	0.5	0.2	5000	0.06	EAS	af-assigned	6108953	True	False	True
bbj-a-61	/local-scratch/data/opengwas/igd/bbj-a-61/bbj-a-61.vcf.gz	Serum creatinine	142097	EAS	East Asian	4233430	0.01794	EAS	0.994169	0.991495	ok	0.000817144	0.0023399	0.994169	0	0	0	0.00267381	ieu-abj-genome-v1	prive2022-hg19	0.5	0.2	5000	0.06	EAS	af-assigned	6108953	True	False	True
bbj-a-62	/local-scratch/data/opengwas/igd/bbj-a-62/bbj-a-62.vcf.gz	Menarche	67029	Unassigned	East Asian	5548675	0.37819	EUR	0.466288	0.0622775	residual	0.404011	0.0208619	0.040938	0.466288	0	0	0.0679014	ieu-abj-genome-v1	prive2022-hg19	0.5	0.2	5000	0.06	EAS	reported-fallback	9290560	True	False	True
bbj-a-63	/local-scratch/data/opengwas/igd/bbj-a-63/bbj-a-63.vcf.gz	Menopause	43861	Unassigned	East Asian	5548675	0.37819	EUR	0.466288	0.0622775	residual	0.404011	0.0208619	0.040938	0.466288	0	0	0.0679014	ieu-abj-genome-v1	prive2022-hg19	0.5	0.2	5000	0.06	EAS	reported-fallback	9290560	True	False	True
bbj-a-64	/local-scratch/data/opengwas/igd/bbj-a-64/bbj-a-64.vcf.gz	Smoking behaviors : Age of smoking initiation	30418	Unassigned	East Asian	4233383	0.561703	AFR	1	1	residual	1	0	0	0	0	0	0	ieu-abj-genome-v1	prive2022-hg19	0.5	0.2	5000	0.06	EAS	reported-fallback	5961480	True	False	True
bbj-a-65	/local-scratch/data/opengwas/igd/bbj-a-65/bbj-a-65.vcf.gz	Smoking behaviors : Age of smoking initiation	23039	Unassigned	East Asian	4233383	0.561704	AFR	1	1	residual	1	0	0	0	0	0	0	ieu-abj-genome-v1	prive2022-hg19	0.5	0.2	5000	0.06	EAS	reported-fallback	6124892	True	False	True
bbj-a-66	/local-scratch/data/opengwas/igd/bbj-a-66/bbj-a-66.vcf.gz	Smoking behaviors : Age of smoking initiation	7379	Unassigned	East Asian	4233383	0.561707	AFR	1	1	residual	1	0	0	0	0	0	0	ieu-abj-genome-v1	prive2022-hg19	0.5	0.2	5000	0.06	EAS	reported-fallback	6107564	True	False	True
bbj-a-67	/local-scratch/data/opengwas/igd/bbj-a-67/bbj-a-67.vcf.gz	Smoking behaviors : Cigarettes per day	72655	Unassigned	East Asian	4233383	0.561718	AFR	1	1	residual	1	0	0	0	0	0	0	ieu-abj-genome-v1	prive2022-hg19	0.5	0.2	5000	0.06	EAS	reported-fallback	5961480	True	False	True
bbj-a-68	/local-scratch/data/opengwas/igd/bbj-a-68/bbj-a-68.vcf.gz	Smoking behaviors : Cigarettes per day	58784	Unassigned	East Asian	4233383	0.561719	AFR	1	1	residual	1	0	0	0	0	0	0	ieu-abj-genome-v1	prive2022-hg19	0.5	0.2	5000	0.06	EAS	reported-fallback	6127591	True	False	True
bbj-a-69	/local-scratch/data/opengwas/igd/bbj-a-69/bbj-a-69.vcf.gz	Smoking behaviors : Cigarettes per day	13871	Unassigned	East Asian	4233383	0.561718	AFR	1	1	residual	1	0	0	0	0	0	0	ieu-abj-genome-v1	prive2022-hg19	0.5	0.2	5000	0.06	EAS	reported-fallback	6107575	True	False	True
bbj-a-70	/local-scratch/data/opengwas/igd/bbj-a-70/bbj-a-70.vcf.gz	Height	159095	EAS	East Asian	5051004	0.0173666	EAS	0.993803	0.990391	ok	0.00107251	0.00171204	0.993803	0	0	0	0.00341224	ieu-abj-genome-v1	prive2022-hg19	0.5	0.2	5000	0.06	EAS	af-assigned	27198769	True	False	True
bbj-a-71	/local-scratch/data/opengwas/igd/bbj-a-71/bbj-a-71.vcf.gz	Atrial Fibrillation	36792	EAS	East Asian	3705603	0.0164178	EAS	0.995334	0.993008	ok	0.000372483	0.00196834	0.995334	0	0	0	0.0023255	ieu-abj-genome-v1	prive2022-hg19	0.5	0.2	5000	0.06	EAS	af-assigned	5018048	True	False	True
bbj-a-72	/local-scratch/data/opengwas/igd/bbj-a-72/bbj-a-72.vcf.gz	Rheumatoid Arthritis	19190	EAS	East Asian	4339955	0.0202523	EAS	0.995744	0.992387	ok	0.000898912	0.00335701	0.995744	0	0	0	0	ieu-abj-genome-v1	prive2022-hg19	0.5	0.2	5000	0.06	EAS	af-assigned	6442424	True	False	True
bbj-a-73	/local-scratch/data/opengwas/igd/bbj-a-73/bbj-a-73.vcf.gz	Rheumatoid Arthritis	8383	EUR	European	4715594	0.0161406	EUR	0.996027	0.992282	ok	0.000227959	0	0	0.996027	0.00374494	0	0	ieu-abj-genome-v1	prive2022-hg19	0.5	0.2	5000	0.06	EUR	af-assigned	8514610	True	False	True
bbj-a-74	/local-scratch/data/opengwas/igd/bbj-a-74/bbj-a-74.vcf.gz	Rheumatoid Arthritis	19190	EUR	Mixed	4765392	0.026786	EUR	0.636632	0.27782	ok	0.00355575	0.000999316	0.358812	0.636632	0	0	0	ieu-abj-genome-v1	prive2022-hg19	0.5	0.2	5000	0.06	EUR	af-assigned	9477149	True	False	True
bbj-a-75	/local-scratch/data/opengwas/igd/bbj-a-75/bbj-a-75.vcf.gz	Open-angle glaucoma	22795	EAS	East Asian	4233429	0.0181083	EAS	0.993656	0.990519	ok	0.000833636	0.0023731	0.993656	0	0	0	0.003137	ieu-abj-genome-v1	prive2022-hg19	0.5	0.2	5000	0.06	EAS	af-assigned	5961428	True	False	True
bbj-a-76	/local-scratch/data/opengwas/igd/bbj-a-76/bbj-a-76.vcf.gz	Colorectal Cancer	33870	EAS	East Asian	4557778	0.026659	EAS	0.989856	0.985759	ok	0.00269351	0.00335385	0.989856	0	0	0	0.00409674	ieu-abj-genome-v1	prive2022-hg19	0.5	0.2	5000	0.06	EAS	af-assigned	7492477	True	False	True
bbj-a-77	/local-scratch/data/opengwas/igd/bbj-a-77/bbj-a-77.vcf.gz	Type 2 Diabetes	191764	EAS	East Asian	5630239	0.0162814	EAS	0.984635	0.978198	ok	0.00343631	0.00549219	0.984635	0	0	0	0.00643699	ieu-abj-genome-v1	prive2022-hg19	0.5	0.2	5000	0.06	EAS	af-assigned	12557761	True	False	True
bbj-a-78	/local-scratch/data/opengwas/igd/bbj-a-78/bbj-a-78.vcf.gz	Smoking behaviors : Smoking initiation	165436	EAS	East Asian	4233383	0.0178778	EAS	0.994376	0.991919	ok	0.000778673	0.00238887	0.994376	0	0	0	0.00245678	ieu-abj-genome-v1	prive2022-hg19	0.5	0.2	5000	0.06	EAS	af-assigned	5961480	True	False	True
bbj-a-79	/local-scratch/data/opengwas/igd/bbj-a-79/bbj-a-79.vcf.gz	Smoking behaviors : Smoking initiation	89678	EAS	East Asian	4233383	0.0178571	EAS	0.994513	0.99205	ok	0.00073993	0.00246293	0.994513	0	0	0	0.00228411	ieu-abj-genome-v1	prive2022-hg19	0.5	0.2	5000	0.06	EAS	af-assigned	6127618	True	False	True
bbj-a-80	/local-scratch/data/opengwas/igd/bbj-a-80/bbj-a-80.vcf.gz	Smoking behaviors : Smoking initiation	75798	EAS	East Asian	4233383	0.0179332	EAS	0.994213	0.991552	ok	0.000824493	0.00230129	0.994213	0	0	0	0.00266097	ieu-abj-genome-v1	prive2022-hg19	0.5	0.2	5000	0.06	EAS	af-assigned	6107626	True	False	True
bbj-a-81	/local-scratch/data/opengwas/igd/bbj-a-81/bbj-a-81.vcf.gz	Smoking behaviors : Smoking cessation	76047	EAS	East Asian	4233383	0.0178017	EAS	0.994777	0.99214	ok	0.000725224	0.00263675	0.994777	0	0	0	0.00186099	ieu-abj-genome-v1	prive2022-hg19	0.5	0.2	5000	0.06	EAS	af-assigned	5961480	True	False	True
bbj-a-82	/local-scratch/data/opengwas/igd/bbj-a-82/bbj-a-82.vcf.gz	Smoking behaviors : Smoking cessation	61696	EAS	East Asian	4233383	0.0178063	EAS	0.994769	0.992157	ok	0.000717403	0.00261133	0.994769	0	0	0	0.00190272	ieu-abj-genome-v1	prive2022-hg19	0.5	0.2	5000	0.06	EAS	af-assigned	6127622	True	False	True
bbj-a-83	/local-scratch/data/opengwas/igd/bbj-a-83/bbj-a-83.vcf.gz	Smoking behaviors : Smoking cessation	14351	EAS	East Asian	4233383	0.0179489	EAS	0.994821	0.992074	ok	0.000757669	0.00274709	0.994821	0	0	0	0.00167396	ieu-abj-genome-v1	prive2022-hg19	0.5	0.2	5000	0.06	EAS	af-assigned	6107579	True	False	True
bbj-a-86	/local-scratch/data/opengwas/igd/bbj-a-86/bbj-a-86.vcf.gz	Arrhythmia	212453	EAS	East Asian	5228150	0.0161793	EAS	0.988477	0.983319	ok	0.00255969	0.00380483	0.988477	0	0	0	0.00515813	ieu-abj-genome-v1	prive2022-hg19	0.5	0.2	5000	0.06	EAS	af-assigned	8881048	True	False	True
bbj-a-88	/local-scratch/data/opengwas/igd/bbj-a-88/bbj-a-88.vcf.gz	Asthma	209808	EAS	East Asian	5228150	0.0161799	EAS	0.988479	0.983328	ok	0.00256107	0.00380926	0.988479	0	0	0	0.00515101	ieu-abj-genome-v1	prive2022-hg19	0.5	0.2	5000	0.06	EAS	af-assigned	8880910	True	False	True
bbj-a-90	/local-scratch/data/opengwas/igd/bbj-a-90/bbj-a-90.vcf.gz	Atopic dermatitis	212036	EAS	East Asian	5228150	0.0161795	EAS	0.988476	0.983317	ok	0.00255974	0.00380448	0.988476	0	0	0	0.00515954	ieu-abj-genome-v1	prive2022-hg19	0.5	0.2	5000	0.06	EAS	af-assigned	8881020	True	False	True
bbj-a-92	/local-scratch/data/opengwas/igd/bbj-a-92/bbj-a-92.vcf.gz	Biliary tract cancer	196084	EAS	East Asian	5228137	0.0162331	EAS	0.988282	0.982901	ok	0.0025993	0.00373671	0.988282	0	0	0	0.00538154	ieu-abj-genome-v1	prive2022-hg19	0.5	0.2	5000	0.06	EAS	af-assigned	8880308	True	False	True
bbj-a-94	/local-scratch/data/opengwas/igd/bbj-a-94/bbj-a-94.vcf.gz	Cataract	212453	EAS	East Asian	5228150	0.0161793	EAS	0.988477	0.983319	ok	0.00255969	0.00380483	0.988477	0	0	0	0.00515813	ieu-abj-genome-v1	prive2022-hg19	0.5	0.2	5000	0.06	EAS	af-assigned	8881048	True	False	True
bbj-a-96	/local-scratch/data/opengwas/igd/bbj-a-96/bbj-a-96.vcf.gz	Cerebral aneurysm	195203	EAS	East Asian	5228136	0.0161319	EAS	0.988645	0.983727	ok	0.00255915	0.00387853	0.988645	0	0	0	0.00491751	ieu-abj-genome-v1	prive2022-hg19	0.5	0.2	5000	0.06	EAS	af-assigned	8880275	True	False	True
bbj-a-98	/local-scratch/data/opengwas/igd/bbj-a-98/bbj-a-98.vcf.gz	Cervical cancer	90336	EAS	East Asian	5227950	0.0163988	EAS	0.987766	0.98188	ok	0.00272884	0.00361895	0.987766	0	0	0	0.00588626	ieu-abj-genome-v1	prive2022-hg19	0.5	0.2	5000	0.06	EAS	af-assigned	8871316	True	False	True
bbj-a-99	/local-scratch/data/opengwas/igd/bbj-a-99/bbj-a-99.vcf.gz	Chronic hepatitis B	212453	EAS	East Asian	5228150	0.0161793	EAS	0.988477	0.983319	ok	0.00255969	0.00380483	0.988477	0	0	0	0.00515813	ieu-abj-genome-v1	prive2022-hg19	0.5	0.2	5000	0.06	EAS	af-assigned	8881048	True	False	True
bbj-a-101	/local-scratch/data/opengwas/igd/bbj-a-101/bbj-a-101.vcf.gz	Chronic hepatitis C	212453	EAS	East Asian	5228150	0.0161793	EAS	0.988477	0.983319	ok	0.00255969	0.00380483	0.988477	0	0	0	0.00515813	ieu-abj-genome-v1	prive2022-hg19	0.5	0.2	5000	0.06	EAS	af-assigned	8881048	True	False	True
bbj-a-102	/local-scratch/data/opengwas/igd/bbj-a-102/bbj-a-102.vcf.gz	Breast cancer	0	EAS	East Asian	5227968	0.0163472	EAS	0.987886	0.982162	ok	0.00271215	0.00367853	0.987886	0	0	0	0.00572362	ieu-abj-genome-v1	prive2022-hg19	0.5	0.2	5000	0.06	EAS	af-assigned	8872152	True	False	True
bbj-a-103	/local-scratch/data/opengwas/igd/bbj-a-103/bbj-a-103.vcf.gz	Chronic obstructive pulmonary disease	204907	EAS	East Asian	5228149	0.0161578	EAS	0.988567	0.983536	ok	0.0025609	0.00384158	0.988567	0	0	0	0.00503091	ieu-abj-genome-v1	prive2022-hg19	0.5	0.2	5000	0.06	EAS	af-assigned	8880781	True	False	True
bbj-a-105	/local-scratch/data/opengwas/igd/bbj-a-105/bbj-a-105.vcf.gz	Cirrhosis	212453	EAS	East Asian	5228150	0.0161793	EAS	0.988477	0.983319	ok	0.00255969	0.00380483	0.988477	0	0	0	0.00515813	ieu-abj-genome-v1	prive2022-hg19	0.5	0.2	5000	0.06	EAS	af-assigned	8881048	True	False	True
bbj-a-107	/local-scratch/data/opengwas/igd/bbj-a-107/bbj-a-107.vcf.gz	Colorectal cancer	202807	EAS	East Asian	5228141	0.0162125	EAS	0.988354	0.983052	ok	0.00258181	0.00376246	0.988354	0	0	0	0.00530187	ieu-abj-genome-v1	prive2022-hg19	0.5	0.2	5000	0.06	EAS	af-assigned	8880613	True	False	True
bbj-a-109	/local-scratch/data/opengwas/igd/bbj-a-109/bbj-a-109.vcf.gz	Congestive heart failure	212453	EAS	East Asian	5228150	0.0161793	EAS	0.988477	0.983319	ok	0.00255969	0.00380483	0.988477	0	0	0	0.00515813	ieu-abj-genome-v1	prive2022-hg19	0.5	0.2	5000	0.06	EAS	af-assigned	8881048	True	False	True
bbj-a-111	/local-scratch/data/opengwas/igd/bbj-a-111/bbj-a-111.vcf.gz	Drug eruption	210081	EAS	East Asian	5228149	0.0161856	EAS	0.988456	0.983276	ok	0.00256605	0.00379917	0.988456	0	0	0	0.0051792	ieu-abj-genome-v1	prive2022-hg19	0.5	0.2	5000	0.06	EAS	af-assigned	8880981	True	False	True
bbj-a-113	/local-scratch/data/opengwas/igd/bbj-a-113/bbj-a-113.vcf.gz	Endometrial cancer	90730	EAS	East Asian	5227952	0.0163943	EAS	0.987787	0.981909	ok	0.00272774	0.00360702	0.987787	0	0	0	0.00587794	ieu-abj-genome-v1	prive2022-hg19	0.5	0.2	5000	0.06	EAS	af-assigned	8871370	True	False	True
bbj-a-114	/local-scratch/data/opengwas/igd/bbj-a-114/bbj-a-114.vcf.gz	Endometriosis	103106	EAS	East Asian	5227984	0.0162899	EAS	0.988033	0.9825	ok	0.00269662	0.00373758	0.988033	0	0	0	0.00553271	ieu-abj-genome-v1	prive2022-hg19	0.5	0.2	5000	0.06	EAS	af-assigned	8873211	True	False	True
bbj-a-115	/local-scratch/data/opengwas/igd/bbj-a-115/bbj-a-115.vcf.gz	Epilepsy	212453	EAS	East Asian	5228150	0.0161793	EAS	0.988477	0.983319	ok	0.00255969	0.00380483	0.988477	0	0	0	0.00515813	ieu-abj-genome-v1	prive2022-hg19	0.5	0.2	5000	0.06	EAS	af-assigned	8881048	True	False	True
bbj-a-117	/local-scratch/data/opengwas/igd/bbj-a-117/bbj-a-117.vcf.gz	Esophageal cancer	197045	EAS	East Asian	5228138	0.0162285	EAS	0.988302	0.982944	ok	0.0025959	0.00374372	0.988302	0	0	0	0.00535816	ieu-abj-genome-v1	prive2022-hg19	0.5	0.2	5000	0.06	EAS	af-assigned	8880350	True	False	True
bbj-a-119	/local-scratch/data/opengwas/igd/bbj-a-119/bbj-a-119.vcf.gz	Gastric cancer	202308	EAS	East Asian	5228144	0.0162088	EAS	0.988373	0.983089	ok	0.00257903	0.00376329	0.988373	0	0	0	0.00528447	ieu-abj-genome-v1	prive2022-hg19	0.5	0.2	5000	0.06	EAS	af-assigned	8880567	True	False	True
bbj-a-121	/local-scratch/data/opengwas/igd/bbj-a-121/bbj-a-121.vcf.gz	Glaucoma	212453	EAS	East Asian	5228150	0.0161793	EAS	0.988477	0.983319	ok	0.00255969	0.00380483	0.988477	0	0	0	0.00515813	ieu-abj-genome-v1	prive2022-hg19	0.5	0.2	5000	0.06	EAS	af-assigned	8881048	True	False	True
bbj-a-123	/local-scratch/data/opengwas/igd/bbj-a-123/bbj-a-123.vcf.gz	Graves' disease	212453	EAS	East Asian	5228150	0.0161793	EAS	0.988477	0.983319	ok	0.00255969	0.00380483	0.988477	0	0	0	0.00515813	ieu-abj-genome-v1	prive2022-hg19	0.5	0.2	5000	0.06	EAS	af-assigned	8881048	True	False	True
bbj-a-125	/local-scratch/data/opengwas/igd/bbj-a-125/bbj-a-125.vcf.gz	Hematological malignancy	212453	EAS	East Asian	5228150	0.0161793	EAS	0.988477	0.983319	ok	0.00255969	0.00380483	0.988477	0	0	0	0.00515813	ieu-abj-genome-v1	prive2022-hg19	0.5	0.2	5000	0.06	EAS	af-assigned	8881048	True	False	True
bbj-a-127	/local-scratch/data/opengwas/igd/bbj-a-127/bbj-a-127.vcf.gz	Interstitial lung disease	212453	EAS	East Asian	5228150	0.0161793	EAS	0.988477	0.983319	ok	0.00255969	0.00380483	0.988477	0	0	0	0.00515813	ieu-abj-genome-v1	prive2022-hg19	0.5	0.2	5000	0.06	EAS	af-assigned	8881048	True	False	True
bbj-a-129	/local-scratch/data/opengwas/igd/bbj-a-129/bbj-a-129.vcf.gz	Ischemic stroke	210054	EAS	East Asian	5228148	0.0161799	EAS	0.988473	0.983308	ok	0.00256218	0.00379902	0.988473	0	0	0	0.00516537	ieu-abj-genome-v1	prive2022-hg19	0.5	0.2	5000	0.06	EAS	af-assigned	8880948	True	False	True
bbj-a-131	/local-scratch/data/opengwas/igd/bbj-a-131/bbj-a-131.vcf.gz	Keloid	212453	EAS	East Asian	5228150	0.0161793	EAS	0.988477	0.983319	ok	0.00255969	0.00380483	0.988477	0	0	0	0.00515813	ieu-abj-genome-v1	prive2022-hg19	0.5	0.2	5000	0.06	EAS	af-assigned	8881048	True	False	True
bbj-a-133	/local-scratch/data/opengwas/igd/bbj-a-133/bbj-a-133.vcf.gz	Lung cancer	212453	EAS	East Asian	5228150	0.0161793	EAS	0.988477	0.983319	ok	0.00255969	0.00380483	0.988477	0	0	0	0.00515813	ieu-abj-genome-v1	prive2022-hg19	0.5	0.2	5000	0.06	EAS	af-assigned	8881048	True	False	True
bbj-a-135	/local-scratch/data/opengwas/igd/bbj-a-135/bbj-a-135.vcf.gz	Nephrotic syndrome	212453	EAS	East Asian	5228150	0.0161793	EAS	0.988477	0.983319	ok	0.00255969	0.00380483	0.988477	0	0	0	0.00515813	ieu-abj-genome-v1	prive2022-hg19	0.5	0.2	5000	0.06	EAS	af-assigned	8881048	True	False	True
bbj-a-137	/local-scratch/data/opengwas/igd/bbj-a-137/bbj-a-137.vcf.gz	Osteoporosis	212453	EAS	East Asian	5228150	0.0161793	EAS	0.988477	0.983319	ok	0.00255969	0.00380483	0.988477	0	0	0	0.00515813	ieu-abj-genome-v1	prive2022-hg19	0.5	0.2	5000	0.06	EAS	af-assigned	8881048	True	False	True
bbj-a-139	/local-scratch/data/opengwas/igd/bbj-a-139/bbj-a-139.vcf.gz	Ovarian cancer	90451	EAS	East Asian	5227952	0.0163958	EAS	0.98778	0.981906	ok	0.00273216	0.00361316	0.98778	0	0	0	0.00587443	ieu-abj-genome-v1	prive2022-hg19	0.5	0.2	5000	0.06	EAS	af-assigned	8871339	True	False	True
bbj-a-140	/local-scratch/data/opengwas/igd/bbj-a-140/bbj-a-140.vcf.gz	Pancreatic cancer	196187	EAS	East Asian	5228137	0.0162324	EAS	0.988285	0.982908	ok	0.00260033	0.00373717	0.988285	0	0	0	0.0053771	ieu-abj-genome-v1	prive2022-hg19	0.5	0.2	5000	0.06	EAS	af-assigned	8880319	True	False	True
bbj-a-142	/local-scratch/data/opengwas/igd/bbj-a-142/bbj-a-142.vcf.gz	Periodontal disease	212453	EAS	East Asian	5228150	0.0161793	EAS	0.988477	0.983319	ok	0.00255969	0.00380483	0.988477	0	0	0	0.00515813	ieu-abj-genome-v1	prive2022-hg19	0.5	0.2	5000	0.06	EAS	af-assigned	8881048	True	False	True
bbj-a-144	/local-scratch/data/opengwas/igd/bbj-a-144/bbj-a-144.vcf.gz	Peripheral artery disease	212453	EAS	East Asian	5228150	0.0161793	EAS	0.988477	0.983319	ok	0.00255969	0.00380483	0.988477	0	0	0	0.00515813	ieu-abj-genome-v1	prive2022-hg19	0.5	0.2	5000	0.06	EAS	af-assigned	8881048	True	False	True
bbj-a-146	/local-scratch/data/opengwas/igd/bbj-a-146/bbj-a-146.vcf.gz	Pollinosis	212453	EAS	East Asian	5228150	0.0161793	EAS	0.988477	0.983319	ok	0.00255969	0.00380483	0.988477	0	0	0	0.00515813	ieu-abj-genome-v1	prive2022-hg19	0.5	0.2	5000	0.06	EAS	af-assigned	8881048	True	False	True
bbj-a-148	/local-scratch/data/opengwas/igd/bbj-a-148/bbj-a-148.vcf.gz	Prostate cancer	109347	EAS	East Asian	5228039	0.0160985	EAS	0.988633	0.983768	ok	0.00259316	0.00390972	0.988633	0	0	0	0.00486452	ieu-abj-genome-v1	prive2022-hg19	0.5	0.2	5000	0.06	EAS	af-assigned	8873999	True	False	True
bbj-a-149	/local-scratch/data/opengwas/igd/bbj-a-149/bbj-a-149.vcf.gz	Pulmonary tuberculosis	212453	EAS	East Asian	5228150	0.0161793	EAS	0.988477	0.983319	ok	0.00255969	0.00380483	0.988477	0	0	0	0.00515813	ieu-abj-genome-v1	prive2022-hg19	0.5	0.2	5000	0.06	EAS	af-assigned	8881048	True	False	True
bbj-a-151	/local-scratch/data/opengwas/igd/bbj-a-151/bbj-a-151.vcf.gz	Rheumatoid arthritis	212453	EAS	East Asian	5228150	0.0161793	EAS	0.988477	0.983319	ok	0.00255969	0.00380483	0.988477	0	0	0	0.00515813	ieu-abj-genome-v1	prive2022-hg19	0.5	0.2	5000	0.06	EAS	af-assigned	8881048	True	False	True
bbj-a-153	/local-scratch/data/opengwas/igd/bbj-a-153/bbj-a-153.vcf.gz	Type 2 diabetes	210865	EAS	East Asian	5228150	0.0161774	EAS	0.988474	0.983315	ok	0.0025605	0.00380601	0.988474	0	0	0	0.00515918	ieu-abj-genome-v1	prive2022-hg19	0.5	0.2	5000	0.06	EAS	af-assigned	8880937	True	False	True
bbj-a-155	/local-scratch/data/opengwas/igd/bbj-a-155/bbj-a-155.vcf.gz	Urolithiasis	212453	EAS	East Asian	5228150	0.0161793	EAS	0.988477	0.983319	ok	0.00255969	0.00380483	0.988477	0	0	0	0.00515813	ieu-abj-genome-v1	prive2022-hg19	0.5	0.2	5000	0.06	EAS	af-assigned	8881048	True	False	True
bbj-a-157	/local-scratch/data/opengwas/igd/bbj-a-157/bbj-a-157.vcf.gz	Uterine fibroids	100964	EAS	East Asian	5227980	0.016306	EAS	0.987982	0.982386	ok	0.00270001	0.00372135	0.987982	0	0	0	0.00559626	ieu-abj-genome-v1	prive2022-hg19	0.5	0.2	5000	0.06	EAS	af-assigned	8872986	True	False	True
bbj-a-158	/local-scratch/data/opengwas/igd/bbj-a-158/bbj-a-158.vcf.gz	hepatocellular carcinoma	197611	EAS	East Asian	5228139	0.0162251	EAS	0.988309	0.982958	ok	0.00259653	0.00374278	0.988309	0	0	0	0.00535124	ieu-abj-genome-v1	prive2022-hg19	0.5	0.2	5000	0.06	EAS	af-assigned	8880359	True	False	True
bbj-a-159	/local-scratch/data/opengwas/igd/bbj-a-159/bbj-a-159.vcf.gz	Coronary artery disease	212453	EAS	East Asian	5228150	0.0161793	EAS	0.988477	0.983319	ok	0.00255969	0.00380483	0.988477	0	0	0	0.00515813	ieu-abj-genome-v1	prive2022-hg19	0.5	0.2	5000	0.06	EAS	af-assigned	8881048	True	False	True
bbj-a-160	/local-scratch/data/opengwas/igd/bbj-a-160/bbj-a-160.vcf.gz	Breast cancer	95283	EAS	East Asian	5227968	0.0163472	EAS	0.987886	0.982162	ok	0.00271215	0.00367853	0.987886	0	0	0	0.00572362	ieu-abj-genome-v1	prive2022-hg19	0.5	0.2	5000	0.06	EAS	af-assigned	8872152	True	False	True
ieu-a-1	/local-scratch/data/opengwas/igd/ieu-a-1/ieu-a-1.vcf.gz	Adiponectin	39883	Unassigned	Mixed	1815501	0.388425	AFR	0.425436	0.230033	residual	0.425436	0.0927018	0.138091	0.148368	0	0	0.195403	ieu-abj-genome-v1	prive2022-hg19	0.5	0.2	5000	0.06			2631751	True	False	False
ieu-a-2	/local-scratch/data/opengwas/igd/ieu-a-2/ieu-a-2.vcf.gz	Body mass index	339224	EUR	Mixed	1791942	0.0408654	EUR	0.999809	0.999617	ok	0.000191367	0	0	0.999809	0	0	0	ieu-abj-genome-v1	prive2022-hg19	0.5	0.2	5000	0.06	EUR	af-assigned	2554285	True	False	True
ieu-a-6	/local-scratch/data/opengwas/igd/ieu-a-6/ieu-a-6.vcf.gz	Coronary heart disease	30482	EUR	Mixed	477461	0.0257431	EUR	0.623598	0.285125	ok	0.000878352	0	0	0.623598	0.0370511	0	0.338473	ieu-abj-genome-v1	prive2022-hg19	0.5	0.2	5000	0.06	EUR	af-assigned	539613	True	False	True
ieu-a-7	/local-scratch/data/opengwas/igd/ieu-a-7/ieu-a-7.vcf.gz	Coronary heart disease	184305	EUR	Mixed	4684067	0.0217406	EUR	0.763159	0.645018	ok	0.0339995	0.0141759	0.0420624	0.763159	0.0284611	0	0.118142	ieu-abj-genome-v1	prive2022-hg19	0.5	0.2	5000	0.06	EUR	af-assigned	8479693	True	False	True
ieu-a-8	/local-scratch/data/opengwas/igd/ieu-a-8/ieu-a-8.vcf.gz	Coronary heart disease	86995	EUR	European	1769891	0.0224448	EUR	0.966939	0.953098	ok	0.0138409	0.00456774	0.0044121	0.966939	0.00355263	0	0.00668789	ieu-abj-genome-v1	prive2022-hg19	0.5	0.2	5000	0.06	EUR	af-assigned	2417476	True	False	True
ieu-a-9	/local-scratch/data/opengwas/igd/ieu-a-9/ieu-a-9.vcf.gz	Coronary heart disease	194427	EUR	Mixed	60089	0.0112287	EUR	0.876998	0.794323	ok	0.00417914	0.00370112	0.00117133	0.876998	0.0312753	0	0.0826748	ieu-abj-genome-v1	prive2022-hg19	0.5	0.2	5000	0.06	EUR	af-assigned	76933	True	True	False
ieu-a-10	/local-scratch/data/opengwas/igd/ieu-a-10/ieu-a-10.vcf.gz	Crohn's disease	30740	EUR	European	11640	0.00864757	EUR	0.995559	0.992567	ok	0.000747707	0.000702008	0	0.995559	0.00299153	0	0	ieu-abj-genome-v1	prive2022-hg19	0.5	0.2	5000	0.06	EUR	af-assigned	13871	True	True	False
ieu-a-11	/local-scratch/data/opengwas/igd/ieu-a-11/ieu-a-11.vcf.gz	Crohn's disease	5409	EAS	East Asian	77802	0.0159378	EAS	0.996499	0.992999	ok	0	0.00350059	0.996499	0	0	0	0	ieu-abj-genome-v1	prive2022-hg19	0.5	0.2	5000	0.06	EAS	af-assigned	104069	True	True	False
ieu-a-12	/local-scratch/data/opengwas/igd/ieu-a-12/ieu-a-12.vcf.gz	Crohn's disease	51874	EUR	European	79926	0.00636907	EUR	0.996849	0.993698	ok	0	0	0	0.996849	0.00315113	0	0	ieu-abj-genome-v1	prive2022-hg19	0.5	0.2	5000	0.06	EUR	af-assigned	124047	True	True	False
ieu-a-13	/local-scratch/data/opengwas/igd/ieu-a-13/ieu-a-13.vcf.gz	Crohn's disease	1174	SAS	Indian	79685	0.0176057	SAS	0.93709	0.87418	ok	0	0	0	0.0629102	0	0	0.93709	ieu-abj-genome-v1	prive2022-hg19	0.5	0.2	5000	0.06	SAS	af-assigned	121777	True	True	False
ieu-a-14	/local-scratch/data/opengwas/igd/ieu-a-14/ieu-a-14.vcf.gz	Crohn's disease	493	MID	Iranian	79821	0.0219738	MID	0.714934	0.550527	ok	0	0.0119569	0.0187324	0.0899689	0.714934	0	0.164408	ieu-abj-genome-v1	prive2022-hg19	0.5	0.2	5000	0.06	MID	af-assigned	123070	True	True	False
ieu-a-16	/local-scratch/data/opengwas/igd/ieu-a-16/ieu-a-16.vcf.gz	Childhood intelligence	12441	EUR	European	1096599	0.0401984	EUR	0.997834	0.995668	ok	0.0021661	0	0	0.997834	0	0	0	ieu-abj-genome-v1	prive2022-hg19	0.5	0.2	5000	0.06	EUR	af-assigned	1378794	True	False	True
ieu-a-22	/local-scratch/data/opengwas/igd/ieu-a-22/ieu-a-22.vcf.gz	Schizophrenia	82315	Unassigned	Mixed	0	nan		0	0	overlap	0	0	0	0	0	0	0	ieu-abj-genome-v1	prive2022-hg19	0.5	0.2	5000	0.06			8492846	True	False	False
ieu-a-23	/local-scratch/data/opengwas/igd/ieu-a-23/ieu-a-23.vcf.gz	Type 2 diabetes	110452	Unassigned	Mixed	0	nan		0	0	overlap	0	0	0	0	0	0	0	ieu-abj-genome-v1	prive2022-hg19	0.5	0.2	5000	0.06			2869354	True	False	False
ieu-a-24	/local-scratch/data/opengwas/igd/ieu-a-24/ieu-a-24.vcf.gz	Type 2 diabetes	149821	Unassigned	Mixed	0	nan		0	0	overlap	0	0	0	0	0	0	0	ieu-abj-genome-v1	prive2022-hg19	0.5	0.2	5000	0.06			117531	True	True	False
ieu-a-25	/local-scratch/data/opengwas/igd/ieu-a-25/ieu-a-25.vcf.gz	Type 2 diabetes	84780	EUR	Mixed	16334	0.0172362	EUR	0.995964	0.991927	ok	0	0.00403645	0	0.995964	0	0	0	ieu-abj-genome-v1	prive2022-hg19	0.5	0.2	5000	0.06	EUR	af-assigned	42089	False	True	False
ieu-a-26	/local-scratch/data/opengwas/igd/ieu-a-26/ieu-a-26.vcf.gz	Type 2 diabetes	69033	Unassigned	European	0	nan		0	0	overlap	0	0	0	0	0	0	0	ieu-abj-genome-v1	prive2022-hg19	0.5	0.2	5000	0.06	EUR	reported-fallback	2431734	True	False	True
ieu-a-27	/local-scratch/data/opengwas/igd/ieu-a-27/ieu-a-27.vcf.gz	Birth weight	26836	Unassigned	European	0	nan		0	0	overlap	0	0	0	0	0	0	0	ieu-abj-genome-v1	prive2022-hg19	0.5	0.2	5000	0.06	EUR	reported-fallback	2636604	True	False	True
ieu-a-28	/local-scratch/data/opengwas/igd/ieu-a-28/ieu-a-28.vcf.gz	Infant head circumference	10768	EUR	European	1782820	0.0170953	EUR	0.987228	0.982268	ok	0	0.00298194	0.0049601	0.987228	0.00215381	0	0.00267576	ieu-abj-genome-v1	prive2022-hg19	0.5	0.2	5000	0.06	EUR	af-assigned	2446860	True	False	True
ieu-a-29	/local-scratch/data/opengwas/igd/ieu-a-29/ieu-a-29.vcf.gz	Birth length	28459	Unassigned	European	0	nan		0	0	overlap	0	0	0	0	0	0	0	ieu-abj-genome-v1	prive2022-hg19	0.5	0.2	5000	0.06	EUR	reported-fallback	2199355	True	False	True
ieu-a-30	/local-scratch/data/opengwas/igd/ieu-a-30/ieu-a-30.vcf.gz	Crohn's disease	20883	EUR	European	4728542	0.0195804	EUR	0.973627	0.958998	ok	0.00281208	0.00587389	0.00263631	0.973627	0.0146293	0.00042114	0	ieu-abj-genome-v1	prive2022-hg19	0.5	0.2	5000	0.06	EUR	af-assigned	11112707	True	False	True
ieu-a-31	/local-scratch/data/opengwas/igd/ieu-a-31/ieu-a-31.vcf.gz	Inflammatory bowel disease	34652	EUR	European	4731053	0.0194408	EUR	0.97452	0.961125	ok	0.00313382	0.00614638	0.0028053	0.97452	0.0133945	0	0	ieu-abj-genome-v1	prive2022-hg19	0.5	0.2	5000	0.06	EUR	af-assigned	11534250	True	False	True
ieu-a-32	/local-scratch/data/opengwas/igd/ieu-a-32/ieu-a-32.vcf.gz	Ulcerative colitis	27432	EUR	European	4730434	0.0194348	EUR	0.975339	0.962154	ok	0.00305489	0.00596381	0.00245691	0.975339	0.0131853	0	0	ieu-abj-genome-v1	prive2022-hg19	0.5	0.2	5000	0.06	EUR	af-assigned	11094790	True	False	True
ieu-a-33	/local-scratch/data/opengwas/igd/ieu-a-33/ieu-a-33.vcf.gz	Amyotrophic lateral sclerosis	13225	EUR	European	4188440	0.0116357	EUR	0.969127	0.942167	ok	0	0.000761404	0.000277057	0.969127	0.0269601	0.00287396	0	ieu-abj-genome-v1	prive2022-hg19	0.5	0.2	5000	0.06	EUR	af-assigned	6644719	True	False	True
ieu-a-44	/local-scratch/data/opengwas/igd/ieu-a-44/ieu-a-44.vcf.gz	Asthma	26475	EUR	European	479471	0.0209232	EUR	0.948935	0.92631	ok	0.00240944	0.0121637	0.0226251	0.948935	0.0033176	0	0.010549	ieu-abj-genome-v1	prive2022-hg19	0.5	0.2	5000	0.06	EUR	af-assigned	545856	True	False	True
ieu-a-45	/local-scratch/data/opengwas/igd/ieu-a-45/ieu-a-45.vcf.gz	Anorexia nervosa	17767	Unassigned	European	0	nan		0	0	overlap	0	0	0	0	0	0	0	ieu-abj-genome-v1	prive2022-hg19	0.5	0.2	5000	0.06	EUR	reported-fallback	1147529	True	False	True
ieu-a-46	/local-scratch/data/opengwas/igd/ieu-a-46/ieu-a-46.vcf.gz	Femoral neck bone mineral density	32961	Unassigned	Mixed	0	nan		0	0	overlap	0	0	0	0	0	0	0	ieu-abj-genome-v1	prive2022-hg19	0.5	0.2	5000	0.06			0	False	True	False
ieu-a-47	/local-scratch/data/opengwas/igd/ieu-a-47/ieu-a-47.vcf.gz	Lumbar spine bone mineral density	32961	Unassigned	Mixed	0	nan		0	0	overlap	0	0	0	0	0	0	0	ieu-abj-genome-v1	prive2022-hg19	0.5	0.2	5000	0.06			0	False	True	False
ieu-a-48	/local-scratch/data/opengwas/igd/ieu-a-48/ieu-a-48.vcf.gz	Hip circumference	224459	EUR	Mixed	1789458	0.0406928	EUR	0.999826	0.999652	ok	0.000174249	0	0	0.999826	0	0	0	ieu-abj-genome-v1	prive2022-hg19	0.5	0.2	5000	0.06	EUR	af-assigned	2528889	True	False	True
ieu-a-49	/local-scratch/data/opengwas/igd/ieu-a-49/ieu-a-49.vcf.gz	Hip circumference	213038	EUR	European	1789454	0.0406928	EUR	0.999826	0.999652	ok	0.000174088	0	0	0.999826	0	0	0	ieu-abj-genome-v1	prive2022-hg19	0.5	0.2	5000	0.06	EUR	af-assigned	2528446	True	False	True
ieu-a-50	/local-scratch/data/opengwas/igd/ieu-a-50/ieu-a-50.vcf.gz	Hip circumference	125113	EUR	Mixed	1781054	0.0404352	EUR	0.999854	0.999708	ok	0.000145918	0	0	0.999854	0	0	0	ieu-abj-genome-v1	prive2022-hg19	0.5	0.2	5000	0.06	EUR	af-assigned	2466300	True	False	True
ieu-a-51	/local-scratch/data/opengwas/igd/ieu-a-51/ieu-a-51.vcf.gz	Hip circumference	127997	EUR	European	1762337	0.0404825	EUR	0.999861	0.999722	ok	0.000139009	0	0	0.999861	0	0	0	ieu-abj-genome-v1	prive2022-hg19	0.5	0.2	5000	0.06	EUR	af-assigned	2443281	True	False	True
ieu-a-52	/local-scratch/data/opengwas/igd/ieu-a-52/ieu-a-52.vcf.gz	Hip circumference	100384	EUR	Mixed	1658065	0.0397436	EUR	0.999885	0.999769	ok	0.000115377	0	0	0.999885	0	0	0	ieu-abj-genome-v1	prive2022-hg19	0.5	0.2	5000	0.06	EUR	af-assigned	2214251	True	False	True
ieu-a-53	/local-scratch/data/opengwas/igd/ieu-a-53/ieu-a-53.vcf.gz	Hip circumference	94790	EUR	European	1657993	0.0397411	EUR	0.999885	0.999769	ok	0.000115417	0	0	0.999885	0	0	0	ieu-abj-genome-v1	prive2022-hg19	0.5	0.2	5000	0.06	EUR	af-assigned	2212953	True	False	True
ieu-a-54	/local-scratch/data/opengwas/igd/ieu-a-54/ieu-a-54.vcf.gz	Hip circumference	225487	EUR	Mixed	1789564	0.0407061	EUR	0.999823	0.999646	ok	0.000177172	0	0	0.999823	0	0	0	ieu-abj-genome-v1	prive2022-hg19	0.5	0.2	5000	0.06	EUR	af-assigned	2510050	True	False	True
ieu-a-55	/local-scratch/data/opengwas/igd/ieu-a-55/ieu-a-55.vcf.gz	Hip circumference	211114	EUR	European	1789566	0.0407111	EUR	0.999824	0.999649	ok	0.000175746	0	0	0.999824	0	0	0	ieu-abj-genome-v1	prive2022-hg19	0.5	0.2	5000	0.06	EUR	af-assigned	2509581	True	False	True
ieu-a-56	/local-scratch/data/opengwas/igd/ieu-a-56/ieu-a-56.vcf.gz	Hip circumference	123904	EUR	Mixed	1781202	0.0404587	EUR	0.999855	0.999709	ok	0.000145435	0	0	0.999855	0	0	0	ieu-abj-genome-v1	prive2022-hg19	0.5	0.2	5000	0.06	EUR	af-assigned	2466324	True	False	True
ieu-a-57	/local-scratch/data/opengwas/igd/ieu-a-57/ieu-a-57.vcf.gz	Hip circumference	117339	EUR	European	1781142	0.040459	EUR	0.999854	0.999708	ok	0.000145957	0	0	0.999854	0	0	0	ieu-abj-genome-v1	prive2022-hg19	0.5	0.2	5000	0.06	EUR	af-assigned	2465731	True	False	True
ieu-a-58	/local-scratch/data/opengwas/igd/ieu-a-58/ieu-a-58.vcf.gz	Hip circumference	99562	EUR	Mixed	1644300	0.0397552	EUR	0.999807	0.999613	ok	0.000193285	0	0	0.999807	0	0	0	ieu-abj-genome-v1	prive2022-hg19	0.5	0.2	5000	0.06	EUR	af-assigned	2188762	True	False	True
ieu-a-59	/local-scratch/data/opengwas/igd/ieu-a-59/ieu-a-59.vcf.gz	Hip circumference	93963	EUR	European	1644211	0.0397593	EUR	0.999806	0.999613	ok	0.000193598	0	0	0.999806	0	0	0	ieu-abj-genome-v1	prive2022-hg19	0.5	0.2	5000	0.06	EUR	af-assigned	2188017	True	False	True
ieu-a-60	/local-scratch/data/opengwas/igd/ieu-a-60/ieu-a-60.vcf.gz	Waist circumference	224459	EUR	Mixed	1789996	0.0407086	EUR	0.99983	0.999661	ok	0.000169608	0	0	0.99983	0	0	0	ieu-abj-genome-v1	prive2022-hg19	0.5	0.2	5000	0.06	EUR	af-assigned	2533037	True	False	True
ieu-a-61	/local-scratch/data/opengwas/igd/ieu-a-61/ieu-a-61.vcf.gz	Waist circumference	232101	EUR	European	1789995	0.0407135	EUR	0.999832	0.999663	ok	0.000168342	0	0	0.999832	0	0	0	ieu-abj-genome-v1	prive2022-hg19	0.5	0.2	5000	0.06	EUR	af-assigned	2532663	True	False	True
ieu-a-62	/local-scratch/data/opengwas/igd/ieu-a-62/ieu-a-62.vcf.gz	Waist circumference	134593	EUR	Mixed	1762370	0.0404846	EUR	0.999861	0.999722	ok	0.000139018	0	0	0.999861	0	0	0	ieu-abj-genome-v1	prive2022-hg19	0.5	0.2	5000	0.06	EUR	af-assigned	2444518	True	False	True
ieu-a-63	/local-scratch/data/opengwas/igd/ieu-a-63/ieu-a-63.vcf.gz	Waist circumference	127997	EUR	European	1762337	0.0404825	EUR	0.999861	0.999722	ok	0.000139009	0	0	0.999861	0	0	0	ieu-abj-genome-v1	prive2022-hg19	0.5	0.2	5000	0.06	EUR	af-assigned	2443281	True	False	True
ieu-a-64	/local-scratch/data/opengwas/igd/ieu-a-64/ieu-a-64.vcf.gz	Waist circumference	110003	EUR	Mixed	1705038	0.0397392	EUR	1	1	ok	0	0	0	1	0	0	0	ieu-abj-genome-v1	prive2022-hg19	0.5	0.2	5000	0.06	EUR	af-assigned	2302236	True	False	True
ieu-a-65	/local-scratch/data/opengwas/igd/ieu-a-65/ieu-a-65.vcf.gz	Waist circumference	104405	EUR	European	1704987	0.0397352	EUR	1	1	ok	0	0	0	1	0	0	0	ieu-abj-genome-v1	prive2022-hg19	0.5	0.2	5000	0.06	EUR	af-assigned	2301067	True	False	True
ieu-a-66	/local-scratch/data/opengwas/igd/ieu-a-66/ieu-a-66.vcf.gz	Waist circumference	245746	EUR	Mixed	1790079	0.0407305	EUR	0.999818	0.999637	ok	0.000181641	0	0	0.999818	0	0	0	ieu-abj-genome-v1	prive2022-hg19	0.5	0.2	5000	0.06	EUR	af-assigned	2514054	True	False	True
ieu-a-67	/local-scratch/data/opengwas/igd/ieu-a-67/ieu-a-67.vcf.gz	Waist circumference	231353	EUR	European	1790079	0.0407345	EUR	0.99982	0.99964	ok	0.000180199	0	0	0.99982	0	0	0	ieu-abj-genome-v1	prive2022-hg19	0.5	0.2	5000	0.06	EUR	af-assigned	2513636	True	False	True
ieu-a-68	/local-scratch/data/opengwas/igd/ieu-a-68/ieu-a-68.vcf.gz	Waist circumference	134038	EUR	Mixed	1782829	0.0405157	EUR	0.999856	0.999712	ok	0.000144184	0	0	0.999856	0	0	0	ieu-abj-genome-v1	prive2022-hg19	0.5	0.2	5000	0.06	EUR	af-assigned	2473357	True	False	True
ieu-a-69	/local-scratch/data/opengwas/igd/ieu-a-69/ieu-a-69.vcf.gz	Waist circumference	127469	EUR	European	1782792	0.0405081	EUR	0.999853	0.999707	ok	0.000146585	0	0	0.999853	0	0	0	ieu-abj-genome-v1	prive2022-hg19	0.5	0.2	5000	0.06	EUR	af-assigned	2471946	True	False	True
ieu-a-70	/local-scratch/data/opengwas/igd/ieu-a-70/ieu-a-70.vcf.gz	Waist circumference	109678	EUR	Mixed	1701830	0.0397259	EUR	1	1	ok	0	0	0	1	0	0	0	ieu-abj-genome-v1	prive2022-hg19	0.5	0.2	5000	0.06	EUR	af-assigned	2295840	True	False	True
ieu-a-71	/local-scratch/data/opengwas/igd/ieu-a-71/ieu-a-71.vcf.gz	Waist circumference	104079	EUR	European	1701777	0.0397211	EUR	1	1	ok	0	0	0	1	0	0	0	ieu-abj-genome-v1	prive2022-hg19	0.5	0.2	5000	0.06	EUR	af-assigned	2294034	True	False	True
ieu-a-72	/local-scratch/data/opengwas/igd/ieu-a-72/ieu-a-72.vcf.gz	Waist-to-hip ratio	224459	EUR	Mixed	1789420	0.0406721	EUR	0.999836	0.999671	ok	0.000164285	0	0	0.999836	0	0	0	ieu-abj-genome-v1	prive2022-hg19	0.5	0.2	5000	0.06	EUR	af-assigned	2529831	True	False	True
ieu-a-73	/local-scratch/data/opengwas/igd/ieu-a-73/ieu-a-73.vcf.gz	Waist-to-hip ratio	212244	EUR	European	1789423	0.0406778	EUR	0.999837	0.999674	ok	0.000163115	0	0	0.999837	0	0	0	ieu-abj-genome-v1	prive2022-hg19	0.5	0.2	5000	0.06	EUR	af-assigned	2529379	True	False	True
ieu-a-74	/local-scratch/data/opengwas/igd/ieu-a-74/ieu-a-74.vcf.gz	Waist-to-hip ratio	124591	EUR	Mixed	1780842	0.040428	EUR	0.999859	0.999718	ok	0.000141212	0	0	0.999859	0	0	0	ieu-abj-genome-v1	prive2022-hg19	0.5	0.2	5000	0.06	EUR	af-assigned	2465561	True	False	True
ieu-a-75	/local-scratch/data/opengwas/igd/ieu-a-75/ieu-a-75.vcf.gz	Waist-to-hip ratio	118003	EUR	European	1780786	0.0404335	EUR	0.99986	0.99972	ok	0.000140007	0	0	0.99986	0	0	0	ieu-abj-genome-v1	prive2022-hg19	0.5	0.2	5000	0.06	EUR	af-assigned	2465031	True	False	True
ieu-a-76	/local-scratch/data/opengwas/igd/ieu-a-76/ieu-a-76.vcf.gz	Waist-to-hip ratio	100028	EUR	Mixed	1655624	0.0397497	EUR	0.999825	0.99965	ok	0.000175085	0	0	0.999825	0	0	0	ieu-abj-genome-v1	prive2022-hg19	0.5	0.2	5000	0.06	EUR	af-assigned	2207956	True	False	True
ieu-a-77	/local-scratch/data/opengwas/igd/ieu-a-77/ieu-a-77.vcf.gz	Waist-to-hip ratio	94429	EUR	European	1655552	0.0397544	EUR	0.999824	0.999649	ok	0.000175638	0	0	0.999824	0	0	0	ieu-abj-genome-v1	prive2022-hg19	0.5	0.2	5000	0.06	EUR	af-assigned	2206680	True	False	True
ieu-a-78	/local-scratch/data/opengwas/igd/ieu-a-78/ieu-a-78.vcf.gz	Waist-to-hip ratio	224452	EUR	Mixed	1789957	0.0407202	EUR	0.999822	0.999644	ok	0.000177851	0	0	0.999822	0	0	0	ieu-abj-genome-v1	prive2022-hg19	0.5	0.2	5000	0.06	EUR	af-assigned	2511522	True	False	True
ieu-a-79	/local-scratch/data/opengwas/igd/ieu-a-79/ieu-a-79.vcf.gz	Waist-to-hip ratio	210082	EUR	European	1789957	0.0407191	EUR	0.999822	0.999645	ok	0.000177686	0	0	0.999822	0	0	0	ieu-abj-genome-v1	prive2022-hg19	0.5	0.2	5000	0.06	EUR	af-assigned	2511073	True	False	True
ieu-a-80	/local-scratch/data/opengwas/igd/ieu-a-80/ieu-a-80.vcf.gz	Waist-to-hip ratio	123302	EUR	Mixed	1781468	0.04049	EUR	0.999851	0.999701	ok	0.000149279	0	0	0.999851	0	0	0	ieu-abj-genome-v1	prive2022-hg19	0.5	0.2	5000	0.06	EUR	af-assigned	2467280	True	False	True
ieu-a-81	/local-scratch/data/opengwas/igd/ieu-a-81/ieu-a-81.vcf.gz	Waist-to-hip ratio	116740	EUR	European	1781410	0.0404837	EUR	0.99985	0.999699	ok	0.000150373	0	0	0.99985	0	0	0	ieu-abj-genome-v1	prive2022-hg19	0.5	0.2	5000	0.06	EUR	af-assigned	2466693	True	False	True
ieu-a-82	/local-scratch/data/opengwas/igd/ieu-a-82/ieu-a-82.vcf.gz	Waist-to-hip ratio	99076	EUR	Mixed	1620323	0.0398167	EUR	0.999699	0.999398	ok	0.000300936	0	0	0.999699	0	0	0	ieu-abj-genome-v1	prive2022-hg19	0.5	0.2	5000	0.06	EUR	af-assigned	2146138	True	False	True
ieu-a-83	/local-scratch/data/opengwas/igd/ieu-a-83/ieu-a-83.vcf.gz	Waist-to-hip ratio	93478	EUR	European	1620239	0.0398146	EUR	0.999698	0.999396	ok	0.000301781	0	0	0.999698	0	0	0	ieu-abj-genome-v1	prive2022-hg19	0.5	0.2	5000	0.06	EUR	af-assigned	2145319	True	False	True
ieu-a-85	/local-scratch/data/opengwas/igd/ieu-a-85/ieu-a-85.vcf.gz	Extreme body mass index	16068	EUR	European	1538647	0.0427871	EUR	0.997963	0.995925	ok	0.00203736	0	0	0.997963	0	0	0	ieu-abj-genome-v1	prive2022-hg19	0.5	0.2	5000	0.06	EUR	af-assigned	1982482	True	False	True
ieu-a-86	/local-scratch/data/opengwas/igd/ieu-a-86/ieu-a-86.vcf.gz	Extreme height	16196	EUR	European	1527420	0.0428652	EUR	0.99794	0.995881	ok	0.00205968	0	0	0.99794	0	0	0	ieu-abj-genome-v1	prive2022-hg19	0.5	0.2	5000	0.06	EUR	af-assigned	1964238	True	False	True
ieu-a-87	/local-scratch/data/opengwas/igd/ieu-a-87/ieu-a-87.vcf.gz	Extreme waist-to-hip ratio	10255	EUR	European	1509513	0.0429606	EUR	0.997855	0.995709	ok	0.00214548	0	0	0.997855	0	0	0	ieu-abj-genome-v1	prive2022-hg19	0.5	0.2	5000	0.06	EUR	af-assigned	1937597	True	False	True
ieu-a-89	/local-scratch/data/opengwas/igd/ieu-a-89/ieu-a-89.vcf.gz	Height	253288	EUR	European	1823588	0.0423068	EUR	0.998228	0.996455	ok	0.00177248	0	0	0.998228	0	0	0	ieu-abj-genome-v1	prive2022-hg19	0.5	0.2	5000	0.06	EUR	af-assigned	2546513	True	False	True
ieu-a-90	/local-scratch/data/opengwas/igd/ieu-a-90/ieu-a-90.vcf.gz	Obesity class 1	98697	EUR	European	1753169	0.0415891	EUR	0.998348	0.996696	ok	0.00165191	0	0	0.998348	0	0	0	ieu-abj-genome-v1	prive2022-hg19	0.5	0.2	5000	0.06	EUR	af-assigned	2377582	True	False	True
ieu-a-91	/local-scratch/data/opengwas/igd/ieu-a-91/ieu-a-91.vcf.gz	Obesity class 2	72546	EUR	European	1730662	0.041574	EUR	0.99833	0.996659	ok	0.00167037	0	0	0.99833	0	0	0	ieu-abj-genome-v1	prive2022-hg19	0.5	0.2	5000	0.06	EUR	af-assigned	2328688	True	False	True
ieu-a-92	/local-scratch/data/opengwas/igd/ieu-a-92/ieu-a-92.vcf.gz	Obesity class 3	50364	EUR	European	1689066	0.0417298	EUR	0.998257	0.996515	ok	0.00174268	0	0	0.998257	0	0	0	ieu-abj-genome-v1	prive2022-hg19	0.5	0.2	5000	0.06	EUR	af-assigned	2248088	True	False	True
ieu-a-93	/local-scratch/data/opengwas/igd/ieu-a-93/ieu-a-93.vcf.gz	Overweight	158855	EUR	European	1774222	0.0416365	EUR	0.998365	0.996729	ok	0.00163542	0	0	0.998365	0	0	0	ieu-abj-genome-v1	prive2022-hg19	0.5	0.2	5000	0.06	EUR	af-assigned	2432135	True	False	True
ieu-a-94	/local-scratch/data/opengwas/igd/ieu-a-94/ieu-a-94.vcf.gz	Body mass index	60586	EUR	European	1633203	0.040502	EUR	0.999972	0.999944	ok	2.78642e-05	0	0	0.999972	0	0	0	ieu-abj-genome-v1	prive2022-hg19	0.5	0.2	5000	0.06	EUR	af-assigned	2735337	True	False	True
ieu-a-95	/local-scratch/data/opengwas/igd/ieu-a-95/ieu-a-95.vcf.gz	Body mass index	73137	EUR	European	1633203	0.040502	EUR	0.999972	0.999944	ok	2.78642e-05	0	0	0.999972	0	0	0	ieu-abj-genome-v1	prive2022-hg19	0.5	0.2	5000	0.06	EUR	af-assigned	2735336	True	False	True
ieu-a-96	/local-scratch/data/opengwas/igd/ieu-a-96/ieu-a-96.vcf.gz	Height	60586	EUR	European	1633221	0.0405021	EUR	0.999971	0.999942	ok	2.89782e-05	0	0	0.999971	0	0	0	ieu-abj-genome-v1	prive2022-hg19	0.5	0.2	5000	0.06	EUR	af-assigned	2761247	True	False	True
ieu-a-97	/local-scratch/data/opengwas/igd/ieu-a-97/ieu-a-97.vcf.gz	Height	73137	EUR	European	1633221	0.0405021	EUR	0.999971	0.999942	ok	2.89782e-05	0	0	0.999971	0	0	0	ieu-abj-genome-v1	prive2022-hg19	0.5	0.2	5000	0.06	EUR	af-assigned	2746998	True	False	True
ieu-a-98	/local-scratch/data/opengwas/igd/ieu-a-98/ieu-a-98.vcf.gz	Hip circumference	60586	EUR	European	1633233	0.040502	EUR	0.999971	0.999941	ok	2.93075e-05	0	0	0.999971	0	0	0	ieu-abj-genome-v1	prive2022-hg19	0.5	0.2	5000	0.06	EUR	af-assigned	2724231	True	False	True
ieu-a-99	/local-scratch/data/opengwas/igd/ieu-a-99/ieu-a-99.vcf.gz	Hip circumference	73137	EUR	European	1633233	0.040502	EUR	0.999971	0.999941	ok	2.93075e-05	0	0	0.999971	0	0	0	ieu-abj-genome-v1	prive2022-hg19	0.5	0.2	5000	0.06	EUR	af-assigned	2724231	True	False	True
ieu-a-100	/local-scratch/data/opengwas/igd/ieu-a-100/ieu-a-100.vcf.gz	Hip circumference	60586	EUR	European	1633233	0.040502	EUR	0.999971	0.999941	ok	2.93075e-05	0	0	0.999971	0	0	0	ieu-abj-genome-v1	prive2022-hg19	0.5	0.2	5000	0.06	EUR	af-assigned	2724275	True	False	True
ieu-a-101	/local-scratch/data/opengwas/igd/ieu-a-101/ieu-a-101.vcf.gz	Hip circumference	73137	EUR	European	1633233	0.040502	EUR	0.999971	0.999941	ok	2.93075e-05	0	0	0.999971	0	0	0	ieu-abj-genome-v1	prive2022-hg19	0.5	0.2	5000	0.06	EUR	af-assigned	2724275	True	False	True
ieu-a-102	/local-scratch/data/opengwas/igd/ieu-a-102/ieu-a-102.vcf.gz	Waist circumference	60586	EUR	European	1633228	0.0405021	EUR	0.999971	0.999942	ok	2.90838e-05	0	0	0.999971	0	0	0	ieu-abj-genome-v1	prive2022-hg19	0.5	0.2	5000	0.06	EUR	af-assigned	2744005	True	False	True
ieu-a-103	/local-scratch/data/opengwas/igd/ieu-a-103/ieu-a-103.vcf.gz	Waist circumference	73137	EUR	European	1633228	0.0405021	EUR	0.999971	0.999942	ok	2.90838e-05	0	0	0.999971	0	0	0	ieu-abj-genome-v1	prive2022-hg19	0.5	0.2	5000	0.06	EUR	af-assigned	2738845	True	False	True
ieu-a-104	/local-scratch/data/opengwas/igd/ieu-a-104/ieu-a-104.vcf.gz	Waist circumference	60586	EUR	European	1633211	0.040502	EUR	0.999972	0.999944	ok	2.78568e-05	0	0	0.999972	0	0	0	ieu-abj-genome-v1	prive2022-hg19	0.5	0.2	5000	0.06	EUR	af-assigned	2742825	True	False	True
ieu-a-105	/local-scratch/data/opengwas/igd/ieu-a-105/ieu-a-105.vcf.gz	Waist circumference	73137	EUR	European	1633211	0.040502	EUR	0.999972	0.999944	ok	2.78568e-05	0	0	0.999972	0	0	0	ieu-abj-genome-v1	prive2022-hg19	0.5	0.2	5000	0.06	EUR	af-assigned	2736801	True	False	True
ieu-a-106	/local-scratch/data/opengwas/igd/ieu-a-106/ieu-a-106.vcf.gz	Weight	60586	EUR	European	1633221	0.0405021	EUR	0.999971	0.999942	ok	2.89782e-05	0	0	0.999971	0	0	0	ieu-abj-genome-v1	prive2022-hg19	0.5	0.2	5000	0.06	EUR	af-assigned	2759235	True	False	True
ieu-a-107	/local-scratch/data/opengwas/igd/ieu-a-107/ieu-a-107.vcf.gz	Weight	73137	EUR	European	1633221	0.0405021	EUR	0.999971	0.999942	ok	2.89782e-05	0	0	0.999971	0	0	0	ieu-abj-genome-v1	prive2022-hg19	0.5	0.2	5000	0.06	EUR	af-assigned	2745456	True	False	True
ieu-a-108	/local-scratch/data/opengwas/igd/ieu-a-108/ieu-a-108.vcf.gz	Waist-to-hip ratio	60586	EUR	European	1633228	0.0405021	EUR	0.999971	0.999942	ok	2.92458e-05	0	0	0.999971	0	0	0	ieu-abj-genome-v1	prive2022-hg19	0.5	0.2	5000	0.06	EUR	af-assigned	2741800	True	False	True
ieu-a-109	/local-scratch/data/opengwas/igd/ieu-a-109/ieu-a-109.vcf.gz	Waist-to-hip ratio	73137	EUR	European	1633228	0.0405021	EUR	0.999971	0.999942	ok	2.92458e-05	0	0	0.999971	0	0	0	ieu-abj-genome-v1	prive2022-hg19	0.5	0.2	5000	0.06	EUR	af-assigned	2736763	True	False	True
ieu-a-110	/local-scratch/data/opengwas/igd/ieu-a-110/ieu-a-110.vcf.gz	Waist-to-hip ratio	60586	EUR	European	1633230	0.040502	EUR	0.999971	0.999942	ok	2.91964e-05	0	0	0.999971	0	0	0	ieu-abj-genome-v1	prive2022-hg19	0.5	0.2	5000	0.06	EUR	af-assigned	2741208	True	False	True
ieu-a-111	/local-scratch/data/opengwas/igd/ieu-a-111/ieu-a-111.vcf.gz	Waist-to-hip ratio	73137	EUR	European	1633230	0.040502	EUR	0.999971	0.999942	ok	2.91964e-05	0	0	0.999971	0	0	0	ieu-abj-genome-v1	prive2022-hg19	0.5	0.2	5000	0.06	EUR	af-assigned	2735816	True	False	True
ieu-a-113	/local-scratch/data/opengwas/igd/ieu-a-113/ieu-a-113.vcf.gz	Neo-agreeableness	17375	Unassigned	European	0	nan		0	0	overlap	0	0	0	0	0	0	0	ieu-abj-genome-v1	prive2022-hg19	0.5	0.2	5000	0.06	EUR	reported-fallback	2302799	True	False	True
ieu-a-114	/local-scratch/data/opengwas/igd/ieu-a-114/ieu-a-114.vcf.gz	Neo-conscientiousness	17375	Unassigned	European	0	nan		0	0	overlap	0	0	0	0	0	0	0	ieu-abj-genome-v1	prive2022-hg19	0.5	0.2	5000	0.06	EUR	reported-fallback	2303018	True	False	True
ieu-a-115	/local-scratch/data/opengwas/igd/ieu-a-115/ieu-a-115.vcf.gz	Neo-extraversion	17375	Unassigned	European	0	nan		0	0	overlap	0	0	0	0	0	0	0	ieu-abj-genome-v1	prive2022-hg19	0.5	0.2	5000	0.06	EUR	reported-fallback	2303160	True	False	True
ieu-a-116	/local-scratch/data/opengwas/igd/ieu-a-116/ieu-a-116.vcf.gz	Neo-neuroticism	17375	Unassigned	European	0	nan		0	0	overlap	0	0	0	0	0	0	0	ieu-abj-genome-v1	prive2022-hg19	0.5	0.2	5000	0.06	EUR	reported-fallback	2303078	True	False	True
ieu-a-117	/local-scratch/data/opengwas/igd/ieu-a-117/ieu-a-117.vcf.gz	Neo-openness to experience	17375	Unassigned	European	0	nan		0	0	overlap	0	0	0	0	0	0	0	ieu-abj-genome-v1	prive2022-hg19	0.5	0.2	5000	0.06	EUR	reported-fallback	2302977	True	False	True
ieu-a-118	/local-scratch/data/opengwas/igd/ieu-a-118/ieu-a-118.vcf.gz	Neuroticism	160958	Unassigned	European	0	nan		0	0	overlap	0	0	0	0	0	0	0	ieu-abj-genome-v1	prive2022-hg19	0.5	0.2	5000	0.06	EUR	reported-fallback	6818268	True	False	True
ieu-a-270	/local-scratch/data/opengwas/igd/ieu-a-270/ieu-a-270.vcf.gz	Haemoglobin concentration	71861	Unassigned	Mixed	0	nan		0	0	overlap	0	0	0	0	0	0	0	ieu-abj-genome-v1	prive2022-hg19	0.5	0.2	5000	0.06			2552734	True	False	False
ieu-a-271	/local-scratch/data/opengwas/igd/ieu-a-271/ieu-a-271.vcf.gz	Mean cell haemoglobin	64731	Unassigned	Mixed	0	nan		0	0	overlap	0	0	0	0	0	0	0	ieu-abj-genome-v1	prive2022-hg19	0.5	0.2	5000	0.06			2546456	True	False	False
ieu-a-272	/local-scratch/data/opengwas/igd/ieu-a-272/ieu-a-272.vcf.gz	Mean cell haemoglobin concentration	67852	Unassigned	Mixed	0	nan		0	0	overlap	0	0	0	0	0	0	0	ieu-abj-genome-v1	prive2022-hg19	0.5	0.2	5000	0.06			2548538	True	False	False
ieu-a-273	/local-scratch/data/opengwas/igd/ieu-a-273/ieu-a-273.vcf.gz	Mean cell volume	69335	Unassigned	Mixed	0	nan		0	0	overlap	0	0	0	0	0	0	0	ieu-abj-genome-v1	prive2022-hg19	0.5	0.2	5000	0.06			2550799	True	False	False
ieu-a-274	/local-scratch/data/opengwas/igd/ieu-a-274/ieu-a-274.vcf.gz	Packed cell volume	63511	Unassigned	Mixed	0	nan		0	0	overlap	0	0	0	0	0	0	0	ieu-abj-genome-v1	prive2022-hg19	0.5	0.2	5000	0.06			2550739	True	False	False
ieu-a-275	/local-scratch/data/opengwas/igd/ieu-a-275/ieu-a-275.vcf.gz	Red blood cell count	66214	Unassigned	Mixed	0	nan		0	0	overlap	0	0	0	0	0	0	0	ieu-abj-genome-v1	prive2022-hg19	0.5	0.2	5000	0.06			2549148	True	False	False
ieu-a-276	/local-scratch/data/opengwas/igd/ieu-a-276/ieu-a-276.vcf.gz	Celiac disease	15283	Unassigned	European	0	nan		0	0	overlap	0	0	0	0	0	0	0	ieu-abj-genome-v1	prive2022-hg19	0.5	0.2	5000	0.06	EUR	reported-fallback	522975	True	False	True
ieu-a-278	/local-scratch/data/opengwas/igd/ieu-a-278/ieu-a-278.vcf.gz	Celiac disease	24269	Unassigned	European	0	nan		0	0	overlap	0	0	0	0	0	0	0	ieu-abj-genome-v1	prive2022-hg19	0.5	0.2	5000	0.06	EUR	reported-fallback	47940	True	True	False
ieu-a-279	/local-scratch/data/opengwas/igd/ieu-a-279/ieu-a-279.vcf.gz	Juvenile idiopathic arthritis	15872	EUR	European	75706	0.0134157	EUR	0.998215	0.997033	ok	0.00118257	0	0	0.998215	0.000601964	0	0	ieu-abj-genome-v1	prive2022-hg19	0.5	0.2	5000	0.06	EUR	af-assigned	108160	True	True	False
ieu-a-280	/local-scratch/data/opengwas/igd/ieu-a-280/ieu-a-280.vcf.gz	Multiple sclerosis	38589	Unassigned	European	0	nan		0	0	overlap	0	0	0	0	0	0	0	ieu-abj-genome-v1	prive2022-hg19	0.5	0.2	5000	0.06	EUR	reported-fallback	117618	True	True	False
ieu-a-281	/local-scratch/data/opengwas/igd/ieu-a-281/ieu-a-281.vcf.gz	Primary biliary cirrhosis	11375	Unassigned	European	0	nan		0	0	overlap	0	0	0	0	0	0	0	ieu-abj-genome-v1	prive2022-hg19	0.5	0.2	5000	0.06	EUR	reported-fallback	115820	True	True	False
ieu-a-282	/local-scratch/data/opengwas/igd/ieu-a-282/ieu-a-282.vcf.gz	Psoriasis	33394	Unassigned	European	0	nan		0	0	overlap	0	0	0	0	0	0	0	ieu-abj-genome-v1	prive2022-hg19	0.5	0.2	5000	0.06	EUR	reported-fallback	137555	True	True	False
ieu-a-283	/local-scratch/data/opengwas/igd/ieu-a-283/ieu-a-283.vcf.gz	Rheumatoid arthritis	27345	Unassigned	European	0	nan		0	0	overlap	0	0	0	0	0	0	0	ieu-abj-genome-v1	prive2022-hg19	0.5	0.2	5000	0.06	EUR	reported-fallback	57084	True	True	False
ieu-a-284	/local-scratch/data/opengwas/igd/ieu-a-284/ieu-a-284.vcf.gz	Type 1 diabetes	18932	Unassigned	European	0	nan		0	0	overlap	0	0	0	0	0	0	0	ieu-abj-genome-v1	prive2022-hg19	0.5	0.2	5000	0.06	EUR	reported-fallback	56052	True	True	False
ieu-a-285	/local-scratch/data/opengwas/igd/ieu-a-285/ieu-a-285.vcf.gz	Type 1 diabetes	24341	Unassigned	European	0	nan		0	0	overlap	0	0	0	0	0	0	0	ieu-abj-genome-v1	prive2022-hg19	0.5	0.2	5000	0.06	EUR	reported-fallback	54933	True	True	False
ieu-a-286	/local-scratch/data/opengwas/igd/ieu-a-286/ieu-a-286.vcf.gz	Multiple sclerosis	27148	Unassigned	European	0	nan		0	0	overlap	0	0	0	0	0	0	0	ieu-abj-genome-v1	prive2022-hg19	0.5	0.2	5000	0.06	EUR	reported-fallback	463908	True	True	False
ieu-a-287	/local-scratch/data/opengwas/igd/ieu-a-287/ieu-a-287.vcf.gz	Primary biliary cirrhosis	13239	Unassigned	European	0	nan		0	0	overlap	0	0	0	0	0	0	0	ieu-abj-genome-v1	prive2022-hg19	0.5	0.2	5000	0.06	EUR	reported-fallback	1126028	True	False	True
ieu-a-288	/local-scratch/data/opengwas/igd/ieu-a-288/ieu-a-288.vcf.gz	Systemic lupus erythematosus	23210	Unassigned	European	0	nan		0	0	overlap	0	0	0	0	0	0	0	ieu-abj-genome-v1	prive2022-hg19	0.5	0.2	5000	0.06	EUR	reported-fallback	7614111	True	False	True
ieu-a-290	/local-scratch/data/opengwas/igd/ieu-a-290/ieu-a-290.vcf.gz	Type 1 diabetes	13254	Unassigned	European	0	nan		0	0	overlap	0	0	0	0	0	0	0	ieu-abj-genome-v1	prive2022-hg19	0.5	0.2	5000	0.06	EUR	reported-fallback	398963	True	True	False
ieu-a-292	/local-scratch/data/opengwas/igd/ieu-a-292/ieu-a-292.vcf.gz	Inflammatory bowel disease	75000	EUR	European	12104	0.00839315	EUR	0.995591	0.993414	ok	0.000553717	0.00167825	0	0.995591	0.00217698	0	0	ieu-abj-genome-v1	prive2022-hg19	0.5	0.2	5000	0.06	EUR	af-assigned	14352	True	True	False
ieu-a-293	/local-scratch/data/opengwas/igd/ieu-a-293/ieu-a-293.vcf.gz	Inflammatory bowel disease	6543	EAS	East Asian	77808	0.0159375	EAS	0.9965	0.993001	ok	0	0.00349968	0.9965	0	0	0	0	ieu-abj-genome-v1	prive2022-hg19	0.5	0.2	5000	0.06	EAS	af-assigned	105904	True	True	False
ieu-a-294	/local-scratch/data/opengwas/igd/ieu-a-294/ieu-a-294.vcf.gz	Inflammatory bowel disease	65642	EUR	European	79933	0.00636879	EUR	0.996849	0.993698	ok	0	0	0	0.996849	0.00315124	0	0	ieu-abj-genome-v1	prive2022-hg19	0.5	0.2	5000	0.06	EUR	af-assigned	125253	True	True	False
ieu-a-295	/local-scratch/data/opengwas/igd/ieu-a-295/ieu-a-295.vcf.gz	Inflammatory bowel disease	2413	SAS	Indian	79692	0.017605	SAS	0.93709	0.87418	ok	0	0	0	0.0629098	0	0	0.93709	ieu-abj-genome-v1	prive2022-hg19	0.5	0.2	5000	0.06	SAS	af-assigned	122899	True	True	False
ieu-a-296	/local-scratch/data/opengwas/igd/ieu-a-296/ieu-a-296.vcf.gz	Inflammatory bowel disease	890	MID	Iranian	79828	0.0219729	MID	0.714933	0.550524	ok	0	0.0119561	0.0187322	0.0899701	0.714933	0	0.164409	ieu-abj-genome-v1	prive2022-hg19	0.5	0.2	5000	0.06	MID	af-assigned	124470	True	True	False
ieu-a-297	/local-scratch/data/opengwas/igd/ieu-a-297/ieu-a-297.vcf.gz	Alzheimer's disease	54162	Unassigned	European	0	nan		0	0	overlap	0	0	0	0	0	0	0	ieu-abj-genome-v1	prive2022-hg19	0.5	0.2	5000	0.06	EUR	reported-fallback	6895634	True	False	True
ieu-a-298	/local-scratch/data/opengwas/igd/ieu-a-298/ieu-a-298.vcf.gz	Alzheimer's disease	74046	Unassigned	European	0	nan		0	0	overlap	0	0	0	0	0	0	0	ieu-abj-genome-v1	prive2022-hg19	0.5	0.2	5000	0.06	EUR	reported-fallback	10684	True	True	False
ieu-a-299	/local-scratch/data/opengwas/igd/ieu-a-299/ieu-a-299.vcf.gz	HDL cholesterol	187167	EUR	Mixed	1760932	0.0154917	EUR	0.988427	0.976855	ok	0	0	0	0.988427	0.0115727	0	0	ieu-abj-genome-v1	prive2022-hg19	0.5	0.2	5000	0.06	EUR	af-assigned	2424035	True	False	True
ieu-a-300	/local-scratch/data/opengwas/igd/ieu-a-300/ieu-a-300.vcf.gz	LDL cholesterol	173082	EUR	Mixed	1757398	0.0154988	EUR	0.988426	0.976853	ok	0	0	0	0.988426	0.0115736	0	0	ieu-abj-genome-v1	prive2022-hg19	0.5	0.2	5000	0.06	EUR	af-assigned	2414488	True	False	True
ieu-a-301	/local-scratch/data/opengwas/igd/ieu-a-301/ieu-a-301.vcf.gz	Total cholesterol	187365	EUR	Mixed	1760847	0.0154922	EUR	0.988426	0.976851	ok	0	0	0	0.988426	0.0115743	0	0	ieu-abj-genome-v1	prive2022-hg19	0.5	0.2	5000	0.06	EUR	af-assigned	2423570	True	False	True
ieu-a-302	/local-scratch/data/opengwas/igd/ieu-a-302/ieu-a-302.vcf.gz	Triglycerides	177861	EUR	Mixed	1757929	0.0154975	EUR	0.988427	0.976854	ok	0	0	0	0.988427	0.0115728	0	0	ieu-abj-genome-v1	prive2022-hg19	0.5	0.2	5000	0.06	EUR	af-assigned	2415963	True	False	True
ieu-a-755	/local-scratch/data/opengwas/igd/ieu-a-755/ieu-a-755.vcf.gz	Years of schooling	106736	Unassigned	European	0	nan		0	0	overlap	0	0	0	0	0	0	0	ieu-abj-genome-v1	prive2022-hg19	0.5	0.2	5000	0.06	EUR	reported-fallback	2278626	True	False	True
ieu-a-756	/local-scratch/data/opengwas/igd/ieu-a-756/ieu-a-756.vcf.gz	2hr glucose	15234	Unassigned	European	1750301	0.374764	AFR	0.449092	0.266558	residual	0.449092	0.0817725	0.118188	0.182534	0	0	0.168414	ieu-abj-genome-v1	prive2022-hg19	0.5	0.2	5000	0.06	EUR	reported-fallback	2399126	True	False	True
ieu-a-757	/local-scratch/data/opengwas/igd/ieu-a-757/ieu-a-757.vcf.gz	Fasting glucose	46186	Unassigned	European	1789054	0.375224	AFR	0.452302	0.275303	residual	0.452302	0.0823751	0.120758	0.177	0	0	0.167565	ieu-abj-genome-v1	prive2022-hg19	0.5	0.2	5000	0.06	EUR	reported-fallback	2467715	True	False	True
ieu-a-758	/local-scratch/data/opengwas/igd/ieu-a-758/ieu-a-758.vcf.gz	HbA1C	46368	Unassigned	European	1833925	0.374425	AFR	0.4514	0.272677	residual	0.4514	0.0813434	0.121581	0.178723	0	0	0.166953	ieu-abj-genome-v1	prive2022-hg19	0.5	0.2	5000	0.06	EUR	reported-fallback	2529804	True	False	True
ieu-a-759	/local-scratch/data/opengwas/igd/ieu-a-759/ieu-a-759.vcf.gz	AUCins/AUCglu	4213	Unassigned	European	1779062	0.392774	AFR	0.435339	0.239422	residual	0.435339	0.0971133	0.145107	0.126523	0	0	0.195918	ieu-abj-genome-v1	prive2022-hg19	0.5	0.2	5000	0.06	EUR	reported-fallback	2433069	True	False	True
ieu-a-760	/local-scratch/data/opengwas/igd/ieu-a-760/ieu-a-760.vcf.gz	AUCins	4324	Unassigned	European	1779038	0.458889	AFR	0.565304	0.252878	residual	0.565304	0	0.312425	0	0	0	0.122271	ieu-abj-genome-v1	prive2022-hg19	0.5	0.2	5000	0.06	EUR	reported-fallback	2432924	True	False	True
ieu-a-761	/local-scratch/data/opengwas/igd/ieu-a-761/ieu-a-761.vcf.gz	Corrected insulin response	5318	Unassigned	European	1777735	0.428276	AFR	0.531221	0.27127	residual	0.531221	0.0385506	0.259951	0	0	0	0.170278	ieu-abj-genome-v1	prive2022-hg19	0.5	0.2	5000	0.06	EUR	reported-fallback	2424177	True	False	True
ieu-a-762	/local-scratch/data/opengwas/igd/ieu-a-762/ieu-a-762.vcf.gz	Corrected insulin response	4789	Unassigned	European	1777106	0.424876	AFR	0.520322	0.275358	residual	0.520322	0.0529766	0.244963	0	0	0	0.181738	ieu-abj-genome-v1	prive2022-hg19	0.5	0.2	5000	0.06	EUR	reported-fallback	2423853	True	False	True
ieu-a-763	/local-scratch/data/opengwas/igd/ieu-a-763/ieu-a-763.vcf.gz	Insulin disposition index	5130	Unassigned	European	1777993	0.428278	AFR	0.53061	0.270758	residual	0.53061	0.038414	0.259852	0	0	0	0.171125	ieu-abj-genome-v1	prive2022-hg19	0.5	0.2	5000	0.06	EUR	reported-fallback	2425038	True	False	True
ieu-a-764	/local-scratch/data/opengwas/igd/ieu-a-764/ieu-a-764.vcf.gz	Incremental insulin at 30 minutes	4447	Unassigned	European	1776373	0.3918	AFR	0.433646	0.238313	residual	0.433646	0.0963592	0.143996	0.130665	0	0	0.195333	ieu-abj-genome-v1	prive2022-hg19	0.5	0.2	5000	0.06	EUR	reported-fallback	2426245	True	False	True
ieu-a-765	/local-scratch/data/opengwas/igd/ieu-a-765/ieu-a-765.vcf.gz	Insulin at 30 minutes	4409	Unassigned	European	1777733	0.390603	AFR	0.430219	0.233661	residual	0.430219	0.0955424	0.141996	0.135684	0	0	0.196559	ieu-abj-genome-v1	prive2022-hg19	0.5	0.2	5000	0.06	EUR	reported-fallback	2431063	True	False	True
ieu-a-766	/local-scratch/data/opengwas/igd/ieu-a-766/ieu-a-766.vcf.gz	Insulin at 30 minutes	4483	Unassigned	European	1776283	0.391789	AFR	0.433683	0.238287	residual	0.433683	0.0962865	0.144	0.130636	0	0	0.195395	ieu-abj-genome-v1	prive2022-hg19	0.5	0.2	5000	0.06	EUR	reported-fallback	2426242	True	False	True
ieu-a-767	/local-scratch/data/opengwas/igd/ieu-a-767/ieu-a-767.vcf.gz	Insulin sensitivity index	4769	Unassigned	European	1773507	0.428321	AFR	0.530984	0.268054	residual	0.530984	0.0377061	0.26293	0	0	0	0.168381	ieu-abj-genome-v1	prive2022-hg19	0.5	0.2	5000	0.06	EUR	reported-fallback	2416954	True	False	True
ieu-a-768	/local-scratch/data/opengwas/igd/ieu-a-768/ieu-a-768.vcf.gz	Fasting insulin	38238	Unassigned	European	1786399	0.374931	AFR	0.451498	0.273068	residual	0.451498	0.0822304	0.120391	0.17843	0	0	0.167451	ieu-abj-genome-v1	prive2022-hg19	0.5	0.2	5000	0.06	EUR	reported-fallback	2458361	True	False	True
ieu-a-769	/local-scratch/data/opengwas/igd/ieu-a-769/ieu-a-769.vcf.gz	Fasting proinsulin	10701	Unassigned	European	1798243	0.375453	AFR	0.453032	0.27699	residual	0.453032	0.0821698	0.120593	0.176042	0	0	0.168163	ieu-abj-genome-v1	prive2022-hg19	0.5	0.2	5000	0.06	EUR	reported-fallback	2493157	True	False	True
ieu-a-770	/local-scratch/data/opengwas/igd/ieu-a-770/ieu-a-770.vcf.gz	HOMA-B	46186	Unassigned	European	1784830	0.374838	AFR	0.451198	0.272131	residual	0.451198	0.0822299	0.120296	0.179067	0	0	0.167209	ieu-abj-genome-v1	prive2022-hg19	0.5	0.2	5000	0.06	EUR	reported-fallback	2454220	True	False	True
ieu-a-771	/local-scratch/data/opengwas/igd/ieu-a-771/ieu-a-771.vcf.gz	HOMA-IR	46186	Unassigned	European	1785227	0.374888	AFR	0.451423	0.272695	residual	0.451423	0.0822899	0.120371	0.178728	0	0	0.167188	ieu-abj-genome-v1	prive2022-hg19	0.5	0.2	5000	0.06	EUR	reported-fallback	2455342	True	False	True
ieu-a-772	/local-scratch/data/opengwas/igd/ieu-a-772/ieu-a-772.vcf.gz	Fasting glucose	58074	Unassigned	European	1882997	0.375514	AFR	0.455657	0.284362	residual	0.455657	0.0828748	0.124341	0.171295	0	0	0.165832	ieu-abj-genome-v1	prive2022-hg19	0.5	0.2	5000	0.06	EUR	reported-fallback	2632388	True	False	True
ieu-a-773	/local-scratch/data/opengwas/igd/ieu-a-773/ieu-a-773.vcf.gz	Fasting glucose	58074	Unassigned	European	1878923	0.375403	AFR	0.455017	0.282914	residual	0.455017	0.082872	0.123995	0.172103	0	0	0.166013	ieu-abj-genome-v1	prive2022-hg19	0.5	0.2	5000	0.06	EUR	reported-fallback	2625495	True	False	True
ieu-a-774	/local-scratch/data/opengwas/igd/ieu-a-774/ieu-a-774.vcf.gz	Fasting insulin	51750	Unassigned	European	1882935	0.375502	AFR	0.455638	0.284271	residual	0.455638	0.0828269	0.124368	0.171367	0	0	0.1658	ieu-abj-genome-v1	prive2022-hg19	0.5	0.2	5000	0.06	EUR	reported-fallback	2631521	True	False	True
ieu-a-775	/local-scratch/data/opengwas/igd/ieu-a-775/ieu-a-775.vcf.gz	Fasting insulin	51750	Unassigned	European	1878827	0.375386	AFR	0.455016	0.282785	residual	0.455016	0.082859	0.123983	0.172231	0	0	0.16591	ieu-abj-genome-v1	prive2022-hg19	0.5	0.2	5000	0.06	EUR	reported-fallback	2624472	True	False	True
ieu-a-776	/local-scratch/data/opengwas/igd/ieu-a-776/ieu-a-776.vcf.gz	2hr glucose	42854	Unassigned	European	48886	0.373138	AFR	0.428916	0.184352	residual	0.428916	0.0626308	0.133731	0.244564	0	0	0.130158	ieu-abj-genome-v1	prive2022-hg19	0.5	0.2	5000	0.06	EUR	reported-fallback	63922	True	True	False
ieu-a-777	/local-scratch/data/opengwas/igd/ieu-a-777/ieu-a-777.vcf.gz	Fasting glucose	133010	Unassigned	European	49021	0.493042	AFR	0.52807	0.179078	residual	0.52807	0	0.348992	0	0	0	0.122939	ieu-abj-genome-v1	prive2022-hg19	0.5	0.2	5000	0.06	EUR	reported-fallback	64432	True	True	False
ieu-a-778	/local-scratch/data/opengwas/igd/ieu-a-778/ieu-a-778.vcf.gz	Fasting insulin	108557	Unassigned	European	49006	0.247412	EUR	0.766567	0.660202	residual	0.106365	0.0211589	0.0441075	0.766567	0	0.0226146	0.0391863	ieu-abj-genome-v1	prive2022-hg19	0.5	0.2	5000	0.06	EUR	reported-fallback	64421	True	True	False
ieu-a-779	/local-scratch/data/opengwas/igd/ieu-a-779/ieu-a-779.vcf.gz	Fasting insulin	108557	Unassigned	European	49016	0.493003	AFR	0.528048	0.18009	residual	0.528048	0	0.347958	0	0	0	0.123994	ieu-abj-genome-v1	prive2022-hg19	0.5	0.2	5000	0.06	EUR	reported-fallback	64375	True	True	False
ieu-a-780	/local-scratch/data/opengwas/igd/ieu-a-780/ieu-a-780.vcf.gz	HDL cholesterol	92860	EUR	Mixed	78556	0.0153207	EUR	0.993893	0.987787	ok	0	0	0	0.993893	0.00610664	0	0	ieu-abj-genome-v1	prive2022-hg19	0.5	0.2	5000	0.06	EUR	af-assigned	119687	True	True	False
ieu-a-781	/local-scratch/data/opengwas/igd/ieu-a-781/ieu-a-781.vcf.gz	LDL cholesterol	83198	EUR	Mixed	78453	0.0153035	EUR	0.993932	0.987864	ok	0	0	0	0.993932	0.00606809	0	0	ieu-abj-genome-v1	prive2022-hg19	0.5	0.2	5000	0.06	EUR	af-assigned	119270	True	True	False
ieu-a-782	/local-scratch/data/opengwas/igd/ieu-a-782/ieu-a-782.vcf.gz	Total cholesterol	92260	EUR	Mixed	78639	0.0153385	EUR	0.993965	0.98793	ok	0	0	0	0.993965	0.00603478	0	0	ieu-abj-genome-v1	prive2022-hg19	0.5	0.2	5000	0.06	EUR	af-assigned	119802	True	True	False
ieu-a-783	/local-scratch/data/opengwas/igd/ieu-a-783/ieu-a-783.vcf.gz	Triglycerides	86852	EUR	Mixed	78526	0.0153099	EUR	0.993828	0.987656	ok	0	0	0	0.993828	0.006172	0	0	ieu-abj-genome-v1	prive2022-hg19	0.5	0.2	5000	0.06	EUR	af-assigned	119461	True	True	False
ieu-a-785	/local-scratch/data/opengwas/igd/ieu-a-785/ieu-a-785.vcf.gz	Body mass index	152893	EUR	European	1785086	0.0404685	EUR	0.999875	0.99975	ok	0.000125174	0	0	0.999875	0	0	0	ieu-abj-genome-v1	prive2022-hg19	0.5	0.2	5000	0.06	EUR	af-assigned	2476524	True	False	True
ieu-a-786	/local-scratch/data/opengwas/igd/ieu-a-786/ieu-a-786.vcf.gz	Urate	42741	Unassigned	European	0	nan		0	0	overlap	0	0	0	0	0	0	0	ieu-abj-genome-v1	prive2022-hg19	0.5	0.2	5000	0.06	EUR	reported-fallback	2386197	True	False	True
ieu-a-787	/local-scratch/data/opengwas/igd/ieu-a-787/ieu-a-787.vcf.gz	Urate	42741	Unassigned	European	0	nan		0	0	overlap	0	0	0	0	0	0	0	ieu-abj-genome-v1	prive2022-hg19	0.5	0.2	5000	0.06	EUR	reported-fallback	2388251	True	False	True
ieu-a-788	/local-scratch/data/opengwas/igd/ieu-a-788/ieu-a-788.vcf.gz	Urate	42741	Unassigned	European	0	nan		0	0	overlap	0	0	0	0	0	0	0	ieu-abj-genome-v1	prive2022-hg19	0.5	0.2	5000	0.06	EUR	reported-fallback	2407396	True	False	True
ieu-a-789	/local-scratch/data/opengwas/igd/ieu-a-789/ieu-a-789.vcf.gz	Urate	14504	Unassigned	European	0	nan		0	0	overlap	0	0	0	0	0	0	0	ieu-abj-genome-v1	prive2022-hg19	0.5	0.2	5000	0.06	EUR	reported-fallback	2591281	True	False	True
ieu-a-790	/local-scratch/data/opengwas/igd/ieu-a-790/ieu-a-790.vcf.gz	Urate	5529	Unassigned	European	0	nan		0	0	overlap	0	0	0	0	0	0	0	ieu-abj-genome-v1	prive2022-hg19	0.5	0.2	5000	0.06	EUR	reported-fallback	2593088	True	False	True
ieu-a-791	/local-scratch/data/opengwas/igd/ieu-a-791/ieu-a-791.vcf.gz	Urate	9753	Unassigned	European	0	nan		0	0	overlap	0	0	0	0	0	0	0	ieu-abj-genome-v1	prive2022-hg19	0.5	0.2	5000	0.06	EUR	reported-fallback	2591961	True	False	True
ieu-a-792	/local-scratch/data/opengwas/igd/ieu-a-792/ieu-a-792.vcf.gz	Urate	17078	Unassigned	European	0	nan		0	0	overlap	0	0	0	0	0	0	0	ieu-abj-genome-v1	prive2022-hg19	0.5	0.2	5000	0.06	EUR	reported-fallback	2592921	True	False	True
ieu-a-793	/local-scratch/data/opengwas/igd/ieu-a-793/ieu-a-793.vcf.gz	Urate	10058	Unassigned	European	0	nan		0	0	overlap	0	0	0	0	0	0	0	ieu-abj-genome-v1	prive2022-hg19	0.5	0.2	5000	0.06	EUR	reported-fallback	2594484	True	False	True
ieu-a-794	/local-scratch/data/opengwas/igd/ieu-a-794/ieu-a-794.vcf.gz	Urate	7189	Unassigned	European	0	nan		0	0	overlap	0	0	0	0	0	0	0	ieu-abj-genome-v1	prive2022-hg19	0.5	0.2	5000	0.06	EUR	reported-fallback	2618579	True	False	True
ieu-a-795	/local-scratch/data/opengwas/igd/ieu-a-795/ieu-a-795.vcf.gz	Urate	9445	Unassigned	European	0	nan		0	0	overlap	0	0	0	0	0	0	0	ieu-abj-genome-v1	prive2022-hg19	0.5	0.2	5000	0.06	EUR	reported-fallback	2590804	True	False	True
ieu-a-796	/local-scratch/data/opengwas/igd/ieu-a-796/ieu-a-796.vcf.gz	Urate	4613	Unassigned	European	0	nan		0	0	overlap	0	0	0	0	0	0	0	ieu-abj-genome-v1	prive2022-hg19	0.5	0.2	5000	0.06	EUR	reported-fallback	2591328	True	False	True
ieu-a-797	/local-scratch/data/opengwas/igd/ieu-a-797/ieu-a-797.vcf.gz	Urate	4690	Unassigned	European	0	nan		0	0	overlap	0	0	0	0	0	0	0	ieu-abj-genome-v1	prive2022-hg19	0.5	0.2	5000	0.06	EUR	reported-fallback	2477403	True	False	True
ieu-a-798	/local-scratch/data/opengwas/igd/ieu-a-798/ieu-a-798.vcf.gz	Myocardial infarction	171875	EUR	Mixed	4674768	0.0297853	EUR	0.766218	0.684436	ok	0.0513117	0.015989	0.048524	0.766218	0.036176	0	0.0817817	ieu-abj-genome-v1	prive2022-hg19	0.5	0.2	5000	0.06	EUR	af-assigned	8328109	True	False	True
ieu-a-800	/local-scratch/data/opengwas/igd/ieu-a-800/ieu-a-800.vcf.gz	Bipolar disorder	16731	Unassigned	European	0	nan		0	0	overlap	0	0	0	0	0	0	0	ieu-abj-genome-v1	prive2022-hg19	0.5	0.2	5000	0.06	EUR	reported-fallback	108724	True	True	False
ieu-a-801	/local-scratch/data/opengwas/igd/ieu-a-801/ieu-a-801.vcf.gz	Bipolar disorder	16731	EUR	European	1565059	0.0391049	EUR	0.999409	0.998819	ok	0.00059069	0	0	0.999409	0	0	0	ieu-abj-genome-v1	prive2022-hg19	0.5	0.2	5000	0.06	EUR	af-assigned	2424381	True	False	True
ieu-a-802	/local-scratch/data/opengwas/igd/ieu-a-802/ieu-a-802.vcf.gz	Autism	29415	EUR	European	961765	0.0289202	EUR	0.999723	0.999447	ok	0.000276558	0	0	0.999723	0	0	0	ieu-abj-genome-v1	prive2022-hg19	0.5	0.2	5000	0.06	EUR	af-assigned	1244202	True	False	True
ieu-a-803	/local-scratch/data/opengwas/igd/ieu-a-803/ieu-a-803.vcf.gz	PGC cross-disorder traits	61220	EUR	European	961878	0.0289224	EUR	0.999723	0.999446	ok	0.00027693	0	0	0.999723	0	0	0	ieu-abj-genome-v1	prive2022-hg19	0.5	0.2	5000	0.06	EUR	af-assigned	1248027	True	False	True
ieu-a-804	/local-scratch/data/opengwas/igd/ieu-a-804/ieu-a-804.vcf.gz	Major depressive disorder	18759	Unassigned	European	0	nan		0	0	overlap	0	0	0	0	0	0	0	ieu-abj-genome-v1	prive2022-hg19	0.5	0.2	5000	0.06	EUR	reported-fallback	122937	True	True	False
ieu-a-805	/local-scratch/data/opengwas/igd/ieu-a-805/ieu-a-805.vcf.gz	Major depressive disorder	18759	EUR	European	954870	0.028927	EUR	0.999788	0.999576	ok	0.000211776	0	0	0.999788	0	0	0	ieu-abj-genome-v1	prive2022-hg19	0.5	0.2	5000	0.06	EUR	af-assigned	1233490	True	False	True
ieu-a-806	/local-scratch/data/opengwas/igd/ieu-a-806/ieu-a-806.vcf.gz	Autism	10263	EUR	European	4659071	0.0240052	EUR	0.984222	0.968445	ok	0	0	0	0.984222	0.0157776	0	0	ieu-abj-genome-v1	prive2022-hg19	0.5	0.2	5000	0.06	EUR	af-assigned	8493725	True	False	True
ieu-a-808	/local-scratch/data/opengwas/igd/ieu-a-808/ieu-a-808.vcf.gz	Bipolar disorder	3049	Unassigned	Mixed	0	nan		0	0	overlap	0	0	0	0	0	0	0	ieu-abj-genome-v1	prive2022-hg19	0.5	0.2	5000	0.06			362832	True	True	False
ieu-a-810	/local-scratch/data/opengwas/igd/ieu-a-810/ieu-a-810.vcf.gz	Schizophrenia	2149	Unassigned	Mixed	0	nan		0	0	overlap	0	0	0	0	0	0	0	ieu-abj-genome-v1	prive2022-hg19	0.5	0.2	5000	0.06			414806	True	True	False
ieu-a-812	/local-scratch/data/opengwas/igd/ieu-a-812/ieu-a-812.vcf.gz	Parkinson's disease	5691	Unassigned	European	0	nan		0	0	overlap	0	0	0	0	0	0	0	ieu-abj-genome-v1	prive2022-hg19	0.5	0.2	5000	0.06	EUR	reported-fallback	453110	True	True	False
ieu-a-813	/local-scratch/data/opengwas/igd/ieu-a-813/ieu-a-813.vcf.gz	Alcohol dependence	3829	Unassigned	Mixed	0	nan		0	0	overlap	0	0	0	0	0	0	0	ieu-abj-genome-v1	prive2022-hg19	0.5	0.2	5000	0.06			915829	True	False	False
ieu-a-814	/local-scratch/data/opengwas/igd/ieu-a-814/ieu-a-814.vcf.gz	Ischaemic stroke	517	Unassigned	European	0	nan		0	0	overlap	0	0	0	0	0	0	0	ieu-abj-genome-v1	prive2022-hg19	0.5	0.2	5000	0.06	EUR	reported-fallback	373476	True	True	False
ieu-a-815	/local-scratch/data/opengwas/igd/ieu-a-815/ieu-a-815.vcf.gz	Systemic lupus erythematosus	3094	Unassigned	European	0	nan		0	0	overlap	0	0	0	0	0	0	0	ieu-abj-genome-v1	prive2022-hg19	0.5	0.2	5000	0.06	EUR	reported-fallback	489461	True	True	False
ieu-a-816	/local-scratch/data/opengwas/igd/ieu-a-816/ieu-a-816.vcf.gz	Neuroblastoma	4881	Unassigned	European	0	nan		0	0	overlap	0	0	0	0	0	0	0	ieu-abj-genome-v1	prive2022-hg19	0.5	0.2	5000	0.06	EUR	reported-fallback	468370	True	True	False
ieu-a-817	/local-scratch/data/opengwas/igd/ieu-a-817/ieu-a-817.vcf.gz	Alcohol dependence	0	Unassigned	Mixed	0	nan		0	0	overlap	0	0	0	0	0	0	0	ieu-abj-genome-v1	prive2022-hg19	0.5	0.2	5000	0.06			827281	True	False	False
ieu-a-818	/local-scratch/data/opengwas/igd/ieu-a-818/ieu-a-818.vcf.gz	Parkinson's disease	1672	Unassigned	European	0	nan		0	0	overlap	0	0	0	0	0	0	0	ieu-abj-genome-v1	prive2022-hg19	0.5	0.2	5000	0.06	EUR	reported-fallback	159846	True	True	False
ieu-a-819	/local-scratch/data/opengwas/igd/ieu-a-819/ieu-a-819.vcf.gz	Inflammatory bowel disease	1963	Unassigned	European	0	nan		0	0	overlap	0	0	0	0	0	0	0	ieu-abj-genome-v1	prive2022-hg19	0.5	0.2	5000	0.06	EUR	reported-fallback	150446	True	True	False
ieu-a-820	/local-scratch/data/opengwas/igd/ieu-a-820/ieu-a-820.vcf.gz	Multiple sclerosis	2793	Unassigned	European	0	nan		0	0	overlap	0	0	0	0	0	0	0	ieu-abj-genome-v1	prive2022-hg19	0.5	0.2	5000	0.06	EUR	reported-fallback	155972	True	True	False
ieu-a-821	/local-scratch/data/opengwas/igd/ieu-a-821/ieu-a-821.vcf.gz	Multiple sclerosis	1861	Unassigned	European	0	nan		0	0	overlap	0	0	0	0	0	0	0	ieu-abj-genome-v1	prive2022-hg19	0.5	0.2	5000	0.06	EUR	reported-fallback	514423	True	False	True
ieu-a-822	/local-scratch/data/opengwas/igd/ieu-a-822/ieu-a-822.vcf.gz	Pancreatic cancer	3835	Unassigned	European	0	nan		0	0	overlap	0	0	0	0	0	0	0	ieu-abj-genome-v1	prive2022-hg19	0.5	0.2	5000	0.06	EUR	reported-fallback	521777	True	False	True
ieu-a-824	/local-scratch/data/opengwas/igd/ieu-a-824/ieu-a-824.vcf.gz	Alzheimer's disease	1489	Unassigned	European	0	nan		0	0	overlap	0	0	0	0	0	0	0	ieu-abj-genome-v1	prive2022-hg19	0.5	0.2	5000	0.06	EUR	reported-fallback	390802	True	True	False
ieu-a-831	/local-scratch/data/opengwas/igd/ieu-a-831/ieu-a-831.vcf.gz	Rheumatoid arthritis	22515	Unassigned	East Asian	0	nan		0	0	overlap	0	0	0	0	0	0	0	ieu-abj-genome-v1	prive2022-hg19	0.5	0.2	5000	0.06	EAS	reported-fallback	5223744	True	False	True
ieu-a-832	/local-scratch/data/opengwas/igd/ieu-a-832/ieu-a-832.vcf.gz	Rheumatoid arthritis	58284	Unassigned	European	0	nan		0	0	overlap	0	0	0	0	0	0	0	ieu-abj-genome-v1	prive2022-hg19	0.5	0.2	5000	0.06	EUR	reported-fallback	5482719	True	False	True
ieu-a-833	/local-scratch/data/opengwas/igd/ieu-a-833/ieu-a-833.vcf.gz	Rheumatoid arthritis	80799	Unassigned	Mixed	0	nan		0	0	overlap	0	0	0	0	0	0	0	ieu-abj-genome-v1	prive2022-hg19	0.5	0.2	5000	0.06			6619924	True	False	False
ieu-a-834	/local-scratch/data/opengwas/igd/ieu-a-834/ieu-a-834.vcf.gz	Rheumatoid arthritis	25708	Unassigned	European	0	nan		0	0	overlap	0	0	0	0	0	0	0	ieu-abj-genome-v1	prive2022-hg19	0.5	0.2	5000	0.06	EUR	reported-fallback	2216398	True	False	True
ieu-a-835	/local-scratch/data/opengwas/igd/ieu-a-835/ieu-a-835.vcf.gz	Body mass index	322154	EUR	European	1791868	0.0408631	EUR	0.999809	0.999617	ok	0.000191251	0	0	0.999809	0	0	0	ieu-abj-genome-v1	prive2022-hg19	0.5	0.2	5000	0.06	EUR	af-assigned	2553412	True	False	True
ieu-a-836	/local-scratch/data/opengwas/igd/ieu-a-836/ieu-a-836.vcf.gz	College completion	95427	EUR	European	1728432	0.0430804	EUR	0.997699	0.99587	ok	0.00182944	0.000471539	0	0.997699	0	0	0	ieu-abj-genome-v1	prive2022-hg19	0.5	0.2	5000	0.06	EUR	af-assigned	2318883	True	False	True
ieu-a-837	/local-scratch/data/opengwas/igd/ieu-a-837/ieu-a-837.vcf.gz	Years of schooling	101069	EUR	European	1723018	0.0430265	EUR	0.99767	0.995858	ok	0.00181205	0.000518075	0	0.99767	0	0	0	ieu-abj-genome-v1	prive2022-hg19	0.5	0.2	5000	0.06	EUR	af-assigned	2307473	True	False	True
ieu-a-961	/local-scratch/data/opengwas/igd/ieu-a-961/ieu-a-961.vcf.gz	Cigarettes smoked per day	68028	EUR	European	1787441	0.0133633	EUR	0.99317	0.98634	ok	0	0	0	0.99317	0.00683016	0	0	ieu-abj-genome-v1	prive2022-hg19	0.5	0.2	5000	0.06	EUR	af-assigned	2458024	True	False	True
ieu-a-962	/local-scratch/data/opengwas/igd/ieu-a-962/ieu-a-962.vcf.gz	Ever vs never smoked	74035	EUR	European	1786880	0.0347398	EUR	0.932578	0.904474	ok	0.0281033	0.0081299	0.0110651	0.932578	0.0105385	0	0.00958553	ieu-abj-genome-v1	prive2022-hg19	0.5	0.2	5000	0.06	EUR	af-assigned	2454753	True	False	True
ieu-a-963	/local-scratch/data/opengwas/igd/ieu-a-963/ieu-a-963.vcf.gz	Former vs current smoker	41969	EUR	European	1786769	0.0131068	EUR	0.989988	0.979976	ok	0	0	0	0.989988	0.0100121	0	0	ieu-abj-genome-v1	prive2022-hg19	0.5	0.2	5000	0.06	EUR	af-assigned	2455460	True	False	True
ieu-a-964	/local-scratch/data/opengwas/igd/ieu-a-964/ieu-a-964.vcf.gz	Age of smoking initiation	47961	EUR	European	1787059	0.0133875	EUR	0.988053	0.976105	ok	0	0	0	0.988053	0.0119475	0	0	ieu-abj-genome-v1	prive2022-hg19	0.5	0.2	5000	0.06	EUR	af-assigned	2456454	True	False	True
ieu-a-965	/local-scratch/data/opengwas/igd/ieu-a-965/ieu-a-965.vcf.gz	Lung adenocarcinoma	18336	EUR	European	4530450	0.0157636	EUR	0.990992	0.985391	ok	0.00067873	0.00231037	0.000257807	0.990992	0.00560131	0	0.000159882	ieu-abj-genome-v1	prive2022-hg19	0.5	0.2	5000	0.06	EUR	af-assigned	8763362	True	False	True
ieu-a-966	/local-scratch/data/opengwas/igd/ieu-a-966/ieu-a-966.vcf.gz	Lung cancer	27209	EUR	European	4530949	0.0157379	EUR	0.991238	0.987069	ok	0.000802724	0.00257009	0.000393104	0.991238	0.00416893	0	0.0008276	ieu-abj-genome-v1	prive2022-hg19	0.5	0.2	5000	0.06	EUR	af-assigned	8827545	True	False	True
ieu-a-967	/local-scratch/data/opengwas/igd/ieu-a-967/ieu-a-967.vcf.gz	Squamous cell lung cancer	18313	EUR	European	4530561	0.0157556	EUR	0.991455	0.98791	ok	0.000776655	0.00269715	0.000368212	0.991455	0.00354497	0	0.00115768	ieu-abj-genome-v1	prive2022-hg19	0.5	0.2	5000	0.06	EUR	af-assigned	8775687	True	False	True
ieu-a-968	/local-scratch/data/opengwas/igd/ieu-a-968/ieu-a-968.vcf.gz	Ulcerative colitis	26897	EUR	European	9047	0.00879073	EUR	0.98933	0.984101	ok	0.000988918	0	6.58778e-05	0.98933	0.00522918	0.00438615	0	ieu-abj-genome-v1	prive2022-hg19	0.5	0.2	5000	0.06	EUR	af-assigned	10647	True	True	False
ieu-a-969	/local-scratch/data/opengwas/igd/ieu-a-969/ieu-a-969.vcf.gz	Ulcerative colitis	4853	EAS	East Asian	77808	0.0159375	EAS	0.9965	0.993	ok	0	0.00350014	0.9965	0	0	0	0	ieu-abj-genome-v1	prive2022-hg19	0.5	0.2	5000	0.06	EAS	af-assigned	104167	True	True	False
ieu-a-970	/local-scratch/data/opengwas/igd/ieu-a-970/ieu-a-970.vcf.gz	Ulcerative colitis	47745	EUR	European	79933	0.00636879	EUR	0.996849	0.993698	ok	0	0	0	0.996849	0.00315121	0	0	ieu-abj-genome-v1	prive2022-hg19	0.5	0.2	5000	0.06	EUR	af-assigned	124474	True	True	False
ieu-a-971	/local-scratch/data/opengwas/igd/ieu-a-971/ieu-a-971.vcf.gz	Ulcerative colitis	2229	SAS	Indian	79692	0.017605	SAS	0.93709	0.87418	ok	0	0	0	0.0629099	0	0	0.93709	ieu-abj-genome-v1	prive2022-hg19	0.5	0.2	5000	0.06	SAS	af-assigned	122374	True	True	False
ieu-a-972	/local-scratch/data/opengwas/igd/ieu-a-972/ieu-a-972.vcf.gz	Ulcerative colitis	739	MID	Iranian	79821	0.0219709	MID	0.714963	0.550541	ok	0	0.0119613	0.018738	0.0899152	0.714963	0	0.164422	ieu-abj-genome-v1	prive2022-hg19	0.5	0.2	5000	0.06	MID	af-assigned	123617	True	True	False
ieu-a-973	/local-scratch/data/opengwas/igd/ieu-a-973/ieu-a-973.vcf.gz	Ulcerative colitis	26405	Unassigned	European	0	nan		0	0	overlap	0	0	0	0	0	0	0	ieu-abj-genome-v1	prive2022-hg19	0.5	0.2	5000	0.06	EUR	reported-fallback	1243166	True	False	True
ieu-a-974	/local-scratch/data/opengwas/igd/ieu-a-974/ieu-a-974.vcf.gz	Body mass index	171977	EUR	European	1787689	0.0406596	EUR	0.999819	0.999638	ok	0.000181218	0	0	0.999819	0	0	0	ieu-abj-genome-v1	prive2022-hg19	0.5	0.2	5000	0.06	EUR	af-assigned	2493453	True	False	True
ieu-a-975	/local-scratch/data/opengwas/igd/ieu-a-975/ieu-a-975.vcf.gz	Paget's disease	3440	EUR	European	1783168	0.0188556	EUR	1	1	ok	0	0	0	1	0	0	0	ieu-abj-genome-v1	prive2022-hg19	0.5	0.2	5000	0.06	EUR	af-assigned	2476247	True	False	True
ieu-a-976	/local-scratch/data/opengwas/igd/ieu-a-976/ieu-a-976.vcf.gz	Type 2 diabetes	64171	Unassigned	Mixed	0	nan		0	0	overlap	0	0	0	0	0	0	0	ieu-abj-genome-v1	prive2022-hg19	0.5	0.2	5000	0.06			2609901	True	False	False
ieu-a-977	/local-scratch/data/opengwas/igd/ieu-a-977/ieu-a-977.vcf.gz	Forearm bone mineral density	8143	EUR	Mixed	4597568	0.00604199	EUR	0.687471	0.583594	ok	0.103877	0.0458173	0.0769642	0.687471	0	0.000377172	0.0854935	ieu-abj-genome-v1	prive2022-hg19	0.5	0.2	5000	0.06	EUR	af-assigned	9095211	True	False	True
ieu-a-978	/local-scratch/data/opengwas/igd/ieu-a-978/ieu-a-978.vcf.gz	FEV1	48201	EUR	European	721373	0.0193209	EUR	1	1	ok	0	0	0	1	0	0	0	ieu-abj-genome-v1	prive2022-hg19	0.5	0.2	5000	0.06	EUR	af-assigned	1047520	False	True	False
ieu-a-979	/local-scratch/data/opengwas/igd/ieu-a-979/ieu-a-979.vcf.gz	FEV1/FVC	48201	EUR	European	1859052	0.0196723	EUR	1	1	ok	0	0	0	1	0	0	0	ieu-abj-genome-v1	prive2022-hg19	0.5	0.2	5000	0.06	EUR	af-assigned	2702536	True	False	True
ieu-a-980	/local-scratch/data/opengwas/igd/ieu-a-980/ieu-a-980.vcf.gz	Femoral neck bone mineral density	32735	EUR	Mixed	4517781	0.00618515	EUR	0.687225	0.583422	ok	0.103803	0.045968	0.0769853	0.687225	0	0.000517897	0.0855014	ieu-abj-genome-v1	prive2022-hg19	0.5	0.2	5000	0.06	EUR	af-assigned	9280966	True	False	True
ieu-a-982	/local-scratch/data/opengwas/igd/ieu-a-982/ieu-a-982.vcf.gz	Lumbar spine bone mineral density	28498	EUR	Mixed	4517199	0.00618378	EUR	0.687228	0.583426	ok	0.103802	0.045966	0.0769852	0.687228	0	0.000516231	0.085503	ieu-abj-genome-v1	prive2022-hg19	0.5	0.2	5000	0.06	EUR	af-assigned	9282363	True	False	True
ieu-a-983	/local-scratch/data/opengwas/igd/ieu-a-983/ieu-a-983.vcf.gz	Hirschsprung's disease	788	EAS	East Asian	4334026	0.0241734	EAS	0.983183	0.972492	ok	0.0020396	0.0106916	0.983183	0.00408545	0	0	0	ieu-abj-genome-v1	prive2022-hg19	0.5	0.2	5000	0.06	EAS	af-assigned	6270126	True	False	True
ieu-a-984	/local-scratch/data/opengwas/igd/ieu-a-984/ieu-a-984.vcf.gz	Lung adenocarcinoma	65864	EUR	European	4713511	0.0153527	EUR	0.981235	0.970861	ok	0.00197115	0.00320735	0.000193332	0.981235	0.0103742	0.000808587	0.00221043	ieu-abj-genome-v1	prive2022-hg19	0.5	0.2	5000	0.06	EUR	af-assigned	10123587	True	False	True
ieu-a-985	/local-scratch/data/opengwas/igd/ieu-a-985/ieu-a-985.vcf.gz	Lung cancer	40453	EUR	European	4446388	0.00704039	EUR	0.971635	0.949872	ok	0	0.00307525	0.000812003	0.971635	0.0217625	0.00270416	1.11007e-05	ieu-abj-genome-v1	prive2022-hg19	0.5	0.2	5000	0.06	EUR	af-assigned	7792666	True	False	True
ieu-a-986	/local-scratch/data/opengwas/igd/ieu-a-986/ieu-a-986.vcf.gz	Lung cancer	9298	EUR	European	4360737	0.00715839	EUR	0.966706	0.941005	ok	0	0.0030128	0.000612822	0.966706	0.0257008	0.00317345	0.000794497	ieu-abj-genome-v1	prive2022-hg19	0.5	0.2	5000	0.06	EUR	af-assigned	6943039	True	False	True
ieu-a-987	/local-scratch/data/opengwas/igd/ieu-a-987/ieu-a-987.vcf.gz	Lung cancer	85449	EUR	European	4714472	0.013577	EUR	0.97951	0.96722	ok	0.00127181	0.00323912	0.000419269	0.97951	0.0122899	0.00137017	0.00189974	ieu-abj-genome-v1	prive2022-hg19	0.5	0.2	5000	0.06	EUR	af-assigned	10203980	True	False	True
ieu-a-988	/local-scratch/data/opengwas/igd/ieu-a-988/ieu-a-988.vcf.gz	Small cell lung carcinoma	23371	EUR	European	4409422	0.00702558	EUR	0.975727	0.95696	ok	0	0.00261141	0.000794084	0.975727	0.0187671	0.00166465	0.000435747	ieu-abj-genome-v1	prive2022-hg19	0.5	0.2	5000	0.06	EUR	af-assigned	7332580	True	False	True
ieu-a-989	/local-scratch/data/opengwas/igd/ieu-a-989/ieu-a-989.vcf.gz	Squamous cell lung cancer	62467	EUR	European	4712312	0.0160539	EUR	0.983499	0.975417	ok	0.00212937	0.00315774	0.000225005	0.983499	0.00808243	0.000243565	0.00266255	ieu-abj-genome-v1	prive2022-hg19	0.5	0.2	5000	0.06	EUR	af-assigned	10120679	True	False	True
ieu-a-990	/local-scratch/data/opengwas/igd/ieu-a-990/ieu-a-990.vcf.gz	Bulimia nervosa	2442	EUR	European	3950550	0.0309763	EUR	0.994195	0.990345	ok	0	0.00385023	0.000200763	0.994195	0.00140065	0	0.000353202	ieu-abj-genome-v1	prive2022-hg19	0.5	0.2	5000	0.06	EUR	af-assigned	6416360	True	False	True
ieu-a-994	/local-scratch/data/opengwas/igd/ieu-a-994/ieu-a-994.vcf.gz	Insulin-like growth factor 1	30884	EUR	European	1785673	0.0163551	EUR	1	1	ok	0	0	0	1	0	0	0	ieu-abj-genome-v1	prive2022-hg19	0.5	0.2	5000	0.06	EUR	af-assigned	2455849	True	False	True
ieu-a-995	/local-scratch/data/opengwas/igd/ieu-a-995/ieu-a-995.vcf.gz	Insulin-like growth factor binding protein 3	18995	EUR	European	1785351	0.0162564	EUR	1	1	ok	0	0	0	1	0	0	0	ieu-abj-genome-v1	prive2022-hg19	0.5	0.2	5000	0.06	EUR	af-assigned	2455209	True	False	True
ieu-a-996	/local-scratch/data/opengwas/igd/ieu-a-996/ieu-a-996.vcf.gz	Eczema	40835	EUR	European	4724432	0.0325556	EUR	0.951542	0.925352	ok	0.0261904	0.00782608	0.00903251	0.951542	0.0011772	0	0.00423134	ieu-abj-genome-v1	prive2022-hg19	0.5	0.2	5000	0.06	EUR	af-assigned	9965795	True	False	True
ieu-a-998	/local-scratch/data/opengwas/igd/ieu-a-998/ieu-a-998.vcf.gz	Telomere length	9190	EUR	European	1833933	0.0265542	EUR	0.994334	0.990883	ok	0	0.000737869	0.0014773	0.994334	0.0034509	0	0	ieu-abj-genome-v1	prive2022-hg19	0.5	0.2	5000	0.06	EUR	af-assigned	2731957	True	False	True
ieu-a-999	/local-scratch/data/opengwas/igd/ieu-a-999/ieu-a-999.vcf.gz	Body fat	100716	EUR	European	1924794	0.0262012	EUR	0.866442	0.797386	ok	0.0138166	0.00472921	0.0429463	0.866442	0.00300996	0	0.069056	ieu-abj-genome-v1	prive2022-hg19	0.5	0.2	5000	0.06	EUR	af-assigned	3184205	True	False	True
ieu-a-1000	/local-scratch/data/opengwas/igd/ieu-a-1000/ieu-a-1000.vcf.gz	Depressive symptoms	161460	EUR	European	4349952	0.026886	EUR	0.976026	0.952053	ok	0	0	0	0.976026	0.0239737	0	0	ieu-abj-genome-v1	prive2022-hg19	0.5	0.2	5000	0.06	EUR	af-assigned	6412221	True	False	True
ieu-a-1001	/local-scratch/data/opengwas/igd/ieu-a-1001/ieu-a-1001.vcf.gz	Years of schooling	293723	EUR	European	4615501	0.0260799	EUR	0.975903	0.951806	ok	0	0	0	0.975903	0.0240968	0	0	ieu-abj-genome-v1	prive2022-hg19	0.5	0.2	5000	0.06	EUR	af-assigned	8018495	True	False	True
ieu-a-1002	/local-scratch/data/opengwas/igd/ieu-a-1002/ieu-a-1002.vcf.gz	Leptin	32161	Unassigned	European	0	nan		0	0	overlap	0	0	0	0	0	0	0	ieu-abj-genome-v1	prive2022-hg19	0.5	0.2	5000	0.06	EUR	reported-fallback	2471034	True	False	True
ieu-a-1003	/local-scratch/data/opengwas/igd/ieu-a-1003/ieu-a-1003.vcf.gz	Leptin	32161	Unassigned	European	0	nan		0	0	overlap	0	0	0	0	0	0	0	ieu-abj-genome-v1	prive2022-hg19	0.5	0.2	5000	0.06	EUR	reported-fallback	2470889	True	False	True
ieu-a-1004	/local-scratch/data/opengwas/igd/ieu-a-1004/ieu-a-1004.vcf.gz	Age at menopause	69360	EUR	European	1773096	0.0386803	EUR	0.999919	0.999838	ok	8.07801e-05	0	0	0.999919	0	0	0	ieu-abj-genome-v1	prive2022-hg19	0.5	0.2	5000	0.06	EUR	af-assigned	2415893	True	False	True
ieu-a-1005	/local-scratch/data/opengwas/igd/ieu-a-1005/ieu-a-1005.vcf.gz	Percent emphysema	7667	Unassigned	Mixed	1826041	0.507588	AFR	0.521204	0.252335	residual	0.521204	0	0.268868	0	0	0	0.209928	ieu-abj-genome-v1	prive2022-hg19	0.5	0.2	5000	0.06			2958886	True	False	False
ieu-a-1006	/local-scratch/data/opengwas/igd/ieu-a-1006/ieu-a-1006.vcf.gz	Mean platelet volume	66867	Unassigned	European	0	nan		0	0	overlap	0	0	0	0	0	0	0	ieu-abj-genome-v1	prive2022-hg19	0.5	0.2	5000	0.06	EUR	reported-fallback	2660409	True	False	True
ieu-a-1007	/local-scratch/data/opengwas/igd/ieu-a-1007/ieu-a-1007.vcf.gz	Neuroticism	170911	EUR	European	4349982	0.0268858	EUR	0.976027	0.952054	ok	0	0	0	0.976027	0.0239732	0	0	ieu-abj-genome-v1	prive2022-hg19	0.5	0.2	5000	0.06	EUR	af-assigned	6412174	True	False	True
ieu-a-1008	/local-scratch/data/opengwas/igd/ieu-a-1008/ieu-a-1008.vcf.gz	Platelet count	66867	Unassigned	European	1926441	0.262506	AFR	0.43698	0.242473	residual	0.43698	0.0960341	0.144648	0.127831	0	0	0.194507	ieu-abj-genome-v1	prive2022-hg19	0.5	0.2	5000	0.06	EUR	reported-fallback	2672817	True	False	True
ieu-a-1009	/local-scratch/data/opengwas/igd/ieu-a-1009/ieu-a-1009.vcf.gz	Subjective well being	298420	EUR	European	1702068	0.0195776	EUR	0.979529	0.959057	ok	0	0	0	0.979529	0.0204714	0	0	ieu-abj-genome-v1	prive2022-hg19	0.5	0.2	5000	0.06	EUR	af-assigned	2268424	True	False	True
ieu-a-1010	/local-scratch/data/opengwas/igd/ieu-a-1010/ieu-a-1010.vcf.gz	Years of schooling	146631	EUR	European	4572299	0.0230846	EUR	0.97767	0.95534	ok	0	0	0	0.97767	0.02233	0	0	ieu-abj-genome-v1	prive2022-hg19	0.5	0.2	5000	0.06	EUR	af-assigned	7659233	True	False	True
ieu-a-1011	/local-scratch/data/opengwas/igd/ieu-a-1011/ieu-a-1011.vcf.gz	Years of schooling	182286	EUR	European	4546620	0.0225421	EUR	0.977687	0.955374	ok	0	0	0	0.977687	0.022313	0	0	ieu-abj-genome-v1	prive2022-hg19	0.5	0.2	5000	0.06	EUR	af-assigned	7524386	True	False	True
ieu-a-1012	/local-scratch/data/opengwas/igd/ieu-a-1012/ieu-a-1012.vcf.gz	Plasma cortisol	12597	EUR	European	1881638	0.0180306	EUR	1	1	ok	0	0	0	1	0	0	0	ieu-abj-genome-v1	prive2022-hg19	0.5	0.2	5000	0.06	EUR	af-assigned	2576971	True	False	True
ieu-a-1015	/local-scratch/data/opengwas/igd/ieu-a-1015/ieu-a-1015.vcf.gz	C-reactive protein	10112	EAS	Japanese	1729812	0.020844	EAS	1	1	ok	0	0	1	0	0	0	0	ieu-abj-genome-v1	prive2022-hg19	0.5	0.2	5000	0.06	EAS	af-assigned	2175178	True	False	True
ieu-a-1016	/local-scratch/data/opengwas/igd/ieu-a-1016/ieu-a-1016.vcf.gz	Oligoclonal band status	3026	Unassigned	European	0	nan		0	0	overlap	0	0	0	0	0	0	0	ieu-abj-genome-v1	prive2022-hg19	0.5	0.2	5000	0.06	EUR	reported-fallback	269777	True	True	False
ieu-a-1017	/local-scratch/data/opengwas/igd/ieu-a-1017/ieu-a-1017.vcf.gz	Immunoglobulin G index levels	938	Unassigned	European	0	nan		0	0	overlap	0	0	0	0	0	0	0	ieu-abj-genome-v1	prive2022-hg19	0.5	0.2	5000	0.06	EUR	reported-fallback	241978	True	True	False
ieu-a-1018	/local-scratch/data/opengwas/igd/ieu-a-1018/ieu-a-1018.vcf.gz	Subjective well being	197174	EUR	European	1700048	0.00676	EUR	0.998562	0.997465	ok	0	0.00109676	0.000341653	0.998562	0	0	0	ieu-abj-genome-v1	prive2022-hg19	0.5	0.2	5000	0.06	EUR	af-assigned	2263928	True	False	True
ieu-a-1019	/local-scratch/data/opengwas/igd/ieu-a-1019/ieu-a-1019.vcf.gz	Migraine in bipolar disorder	1374	EUR	European	519112	0.00961147	EUR	0.991916	0.984555	ok	0.00037234	0.000350265	0	0.991916	0.00736106	0	0	ieu-abj-genome-v1	prive2022-hg19	0.5	0.2	5000	0.06	EUR	af-assigned	722473	True	False	True
ieu-a-1020	/local-scratch/data/opengwas/igd/ieu-a-1020/ieu-a-1020.vcf.gz	Percent emphysema	2065	AMR	Hispanic	1679389	0.0200731	AMR	0.608867	0.377415	ok	0.110948	0.608867	0.0189467	0.231453	0	0.0245592	0.00522565	ieu-abj-genome-v1	prive2022-hg19	0.5	0.2	5000	0.06	AMR	af-assigned	2578062	True	False	True
ieu-a-1021	/local-scratch/data/opengwas/igd/ieu-a-1021/ieu-a-1021.vcf.gz	Percent emphysema	702	EAS	Chinese	1582438	0.0191167	EAS	0.999547	0.999094	ok	0	0.00045322	0.999547	0	0	0	0	ieu-abj-genome-v1	prive2022-hg19	0.5	0.2	5000	0.06	EAS	af-assigned	2005933	True	False	True
ieu-a-1022	/local-scratch/data/opengwas/igd/ieu-a-1022/ieu-a-1022.vcf.gz	Percent emphysema	2431	EUR	European	1769960	0.0125922	EUR	1	1	ok	0	0	0	1	0	0	0	ieu-abj-genome-v1	prive2022-hg19	0.5	0.2	5000	0.06	EUR	af-assigned	2384143	True	False	True
ieu-a-1023	/local-scratch/data/opengwas/igd/ieu-a-1023/ieu-a-1023.vcf.gz	Percent emphysema	2469	AFR	African American	1653662	0.0165147	AFR	0.783687	0.594845	ok	0.783687	0.0127535	0.00856535	0.188843	0	0.00427425	0.00187686	ieu-abj-genome-v1	prive2022-hg19	0.5	0.2	5000	0.06	AFR	af-assigned	2673086	True	False	True
ieu-a-1024	/local-scratch/data/opengwas/igd/ieu-a-1024/ieu-a-1024.vcf.gz	Multiple sclerosis	27098	EUR	European	416220	0.00684608	EUR	1	1	ok	0	0	0	1	0	0	0	ieu-abj-genome-v1	prive2022-hg19	0.5	0.2	5000	0.06	EUR	af-assigned	464939	True	True	False
ieu-a-1025	/local-scratch/data/opengwas/igd/ieu-a-1025/ieu-a-1025.vcf.gz	Multiple sclerosis	38589	EUR	European	87419	0.0105722	EUR	1	1	ok	0	0	0	1	0	0	0	ieu-abj-genome-v1	prive2022-hg19	0.5	0.2	5000	0.06	EUR	af-assigned	154065	True	True	False
ieu-a-1029	/local-scratch/data/opengwas/igd/ieu-a-1029/ieu-a-1029.vcf.gz	Internalizing problems	4596	Unassigned	European	0	nan		0	0	overlap	0	0	0	0	0	0	0	ieu-abj-genome-v1	prive2022-hg19	0.5	0.2	5000	0.06	EUR	reported-fallback	2818242	True	False	True
ieu-a-1032	/local-scratch/data/opengwas/igd/ieu-a-1032/ieu-a-1032.vcf.gz	Height	6974	Unassigned	European	0	nan		0	0	overlap	0	0	0	0	0	0	0	ieu-abj-genome-v1	prive2022-hg19	0.5	0.2	5000	0.06	EUR	reported-fallback	2390858	True	False	True
ieu-a-1033	/local-scratch/data/opengwas/igd/ieu-a-1033/ieu-a-1033.vcf.gz	Height	6986	Unassigned	European	0	nan		0	0	overlap	0	0	0	0	0	0	0	ieu-abj-genome-v1	prive2022-hg19	0.5	0.2	5000	0.06	EUR	reported-fallback	2327453	True	False	True
ieu-a-1034	/local-scratch/data/opengwas/igd/ieu-a-1034/ieu-a-1034.vcf.gz	Height	13960	Unassigned	European	0	nan		0	0	overlap	0	0	0	0	0	0	0	ieu-abj-genome-v1	prive2022-hg19	0.5	0.2	5000	0.06	EUR	reported-fallback	2308147	True	False	True
ieu-a-1035	/local-scratch/data/opengwas/igd/ieu-a-1035/ieu-a-1035.vcf.gz	Difference in height between childhood and adulthood	5756	Unassigned	European	0	nan		0	0	overlap	0	0	0	0	0	0	0	ieu-abj-genome-v1	prive2022-hg19	0.5	0.2	5000	0.06	EUR	reported-fallback	2388077	True	False	True
ieu-a-1036	/local-scratch/data/opengwas/igd/ieu-a-1036/ieu-a-1036.vcf.gz	Difference in height between childhood and adulthood	5043	Unassigned	European	0	nan		0	0	overlap	0	0	0	0	0	0	0	ieu-abj-genome-v1	prive2022-hg19	0.5	0.2	5000	0.06	EUR	reported-fallback	2388958	True	False	True
ieu-a-1037	/local-scratch/data/opengwas/igd/ieu-a-1037/ieu-a-1037.vcf.gz	Difference in height between childhood and adulthood	10799	Unassigned	European	0	nan		0	0	overlap	0	0	0	0	0	0	0	ieu-abj-genome-v1	prive2022-hg19	0.5	0.2	5000	0.06	EUR	reported-fallback	2382082	True	False	True
ieu-a-1038	/local-scratch/data/opengwas/igd/ieu-a-1038/ieu-a-1038.vcf.gz	Difference in height between adolescence and adulthood	4946	Unassigned	European	0	nan		0	0	overlap	0	0	0	0	0	0	0	ieu-abj-genome-v1	prive2022-hg19	0.5	0.2	5000	0.06	EUR	reported-fallback	2398150	True	False	True
ieu-a-1039	/local-scratch/data/opengwas/igd/ieu-a-1039/ieu-a-1039.vcf.gz	Difference in height between adolescence and adulthood	4282	Unassigned	European	0	nan		0	0	overlap	0	0	0	0	0	0	0	ieu-abj-genome-v1	prive2022-hg19	0.5	0.2	5000	0.06	EUR	reported-fallback	2398512	True	False	True
ieu-a-1040	/local-scratch/data/opengwas/igd/ieu-a-1040/ieu-a-1040.vcf.gz	Difference in height between adolescence and adulthood	9228	Unassigned	European	0	nan		0	0	overlap	0	0	0	0	0	0	0	ieu-abj-genome-v1	prive2022-hg19	0.5	0.2	5000	0.06	EUR	reported-fallback	2398512	True	False	True
ieu-a-1041	/local-scratch/data/opengwas/igd/ieu-a-1041/ieu-a-1041.vcf.gz	Intracranial volume	30717	EUR	European	4572063	0.019089	EUR	0.986319	0.972637	ok	0	0	0	0.986319	0.0136814	0	0	ieu-abj-genome-v1	prive2022-hg19	0.5	0.2	5000	0.06	EUR	af-assigned	6703307	True	False	True
ieu-a-1042	/local-scratch/data/opengwas/igd/ieu-a-1042/ieu-a-1042.vcf.gz	Nucleus accumbens volume	30717	EUR	European	4555835	0.0191787	EUR	0.98627	0.972541	ok	0	0	0	0.98627	0.0137297	0	0	ieu-abj-genome-v1	prive2022-hg19	0.5	0.2	5000	0.06	EUR	af-assigned	6497752	True	False	True
ieu-a-1043	/local-scratch/data/opengwas/igd/ieu-a-1043/ieu-a-1043.vcf.gz	Amygdala volume	30717	EUR	European	4556552	0.0191786	EUR	0.986279	0.972557	ok	0	0	0	0.986279	0.0137214	0	0	ieu-abj-genome-v1	prive2022-hg19	0.5	0.2	5000	0.06	EUR	af-assigned	6507245	True	False	True
ieu-a-1044	/local-scratch/data/opengwas/igd/ieu-a-1044/ieu-a-1044.vcf.gz	Caudate volume	30717	EUR	European	4556504	0.0191794	EUR	0.98628	0.97256	ok	0	0	0	0.98628	0.0137201	0	0	ieu-abj-genome-v1	prive2022-hg19	0.5	0.2	5000	0.06	EUR	af-assigned	6500141	True	False	True
ieu-a-1045	/local-scratch/data/opengwas/igd/ieu-a-1045/ieu-a-1045.vcf.gz	Hippocampus volume	30717	EUR	European	4556616	0.0191785	EUR	0.986278	0.972555	ok	0	0	0	0.986278	0.0137223	0	0	ieu-abj-genome-v1	prive2022-hg19	0.5	0.2	5000	0.06	EUR	af-assigned	6499595	True	False	True
ieu-a-1046	/local-scratch/data/opengwas/igd/ieu-a-1046/ieu-a-1046.vcf.gz	Pallidum volume	30717	EUR	European	4555333	0.0191792	EUR	0.986269	0.972537	ok	0	0	0	0.986269	0.0137314	0	0	ieu-abj-genome-v1	prive2022-hg19	0.5	0.2	5000	0.06	EUR	af-assigned	6495814	True	False	True
ieu-a-1047	/local-scratch/data/opengwas/igd/ieu-a-1047/ieu-a-1047.vcf.gz	Putamen volume	30717	EUR	European	4556464	0.0191783	EUR	0.986269	0.972538	ok	0	0	0	0.986269	0.013731	0	0	ieu-abj-genome-v1	prive2022-hg19	0.5	0.2	5000	0.06	EUR	af-assigned	6506509	True	False	True
ieu-a-1048	/local-scratch/data/opengwas/igd/ieu-a-1048/ieu-a-1048.vcf.gz	Thalamus volume	30717	EUR	European	4557088	0.0191786	EUR	0.986283	0.972565	ok	0	0	0	0.986283	0.0137174	0	0	ieu-abj-genome-v1	prive2022-hg19	0.5	0.2	5000	0.06	EUR	af-assigned	6511238	True	False	True
ieu-a-1049	/local-scratch/data/opengwas/igd/ieu-a-1049/ieu-a-1049.vcf.gz	Iron	23986	Unassigned	European	0	nan		0	0	overlap	0	0	0	0	0	0	0	ieu-abj-genome-v1	prive2022-hg19	0.5	0.2	5000	0.06	EUR	reported-fallback	2093989	True	False	True
ieu-a-1050	/local-scratch/data/opengwas/igd/ieu-a-1050/ieu-a-1050.vcf.gz	Ferritin	23986	Unassigned	European	0	nan		0	0	overlap	0	0	0	0	0	0	0	ieu-abj-genome-v1	prive2022-hg19	0.5	0.2	5000	0.06	EUR	reported-fallback	2033871	True	False	True
ieu-a-1051	/local-scratch/data/opengwas/igd/ieu-a-1051/ieu-a-1051.vcf.gz	Transferrin Saturation	23986	Unassigned	European	0	nan		0	0	overlap	0	0	0	0	0	0	0	ieu-abj-genome-v1	prive2022-hg19	0.5	0.2	5000	0.06	EUR	reported-fallback	2099763	True	False	True
ieu-a-1052	/local-scratch/data/opengwas/igd/ieu-a-1052/ieu-a-1052.vcf.gz	Transferrin	23986	Unassigned	European	0	nan		0	0	overlap	0	0	0	0	0	0	0	ieu-abj-genome-v1	prive2022-hg19	0.5	0.2	5000	0.06	EUR	reported-fallback	2101774	True	False	True
ieu-a-1054	/local-scratch/data/opengwas/igd/ieu-a-1054/ieu-a-1054.vcf.gz	Gout	69374	Unassigned	European	0	nan		0	0	overlap	0	0	0	0	0	0	0	ieu-abj-genome-v1	prive2022-hg19	0.5	0.2	5000	0.06	EUR	reported-fallback	2534842	True	False	True
ieu-a-1055	/local-scratch/data/opengwas/igd/ieu-a-1055/ieu-a-1055.vcf.gz	Urate	110347	Unassigned	European	0	nan		0	0	overlap	0	0	0	0	0	0	0	ieu-abj-genome-v1	prive2022-hg19	0.5	0.2	5000	0.06	EUR	reported-fallback	2447621	True	False	True
ieu-a-1056	/local-scratch/data/opengwas/igd/ieu-a-1056/ieu-a-1056.vcf.gz	Heart rate	92355	EUR	Mixed	1796729	0.0173349	EUR	0.925935	0.865237	ok	0.00047907	0.00386986	0.00378602	0.925935	0.00523183	0	0.0606979	ieu-abj-genome-v1	prive2022-hg19	0.5	0.2	5000	0.06	EUR	af-assigned	2494720	True	False	True
ieu-a-1057	/local-scratch/data/opengwas/igd/ieu-a-1057/ieu-a-1057.vcf.gz	Gallbladder cancer	907	EAS	East Asian	402943	0.0196179	EAS	1	1	ok	0	0	1	0	0	0	0	ieu-abj-genome-v1	prive2022-hg19	0.5	0.2	5000	0.06	EAS	af-assigned	420645	True	True	False
ieu-a-1058	/local-scratch/data/opengwas/igd/ieu-a-1058/ieu-a-1058.vcf.gz	Celiac disease	24269	EUR	European	23921	0.0137256	EUR	0.997311	0.994622	ok	0	0	0	0.997311	0	0.00268889	0	ieu-abj-genome-v1	prive2022-hg19	0.5	0.2	5000	0.06	EUR	af-assigned	30341	True	True	False
ieu-a-1059	/local-scratch/data/opengwas/igd/ieu-a-1059/ieu-a-1059.vcf.gz	Celiac disease	15283	Unassigned	European	0	nan		0	0	overlap	0	0	0	0	0	0	0	ieu-abj-genome-v1	prive2022-hg19	0.5	0.2	5000	0.06	EUR	reported-fallback	292060	True	True	False
ieu-a-1060	/local-scratch/data/opengwas/igd/ieu-a-1060/ieu-a-1060.vcf.gz	Celiac disease	11950	Unassigned	European	0	nan		0	0	overlap	0	0	0	0	0	0	0	ieu-abj-genome-v1	prive2022-hg19	0.5	0.2	5000	0.06	EUR	reported-fallback	231128	True	True	False
ieu-a-1061	/local-scratch/data/opengwas/igd/ieu-a-1061/ieu-a-1061.vcf.gz	G speed factor	2430	EUR	European	1766709	0.0237702	EUR	0.99169	0.98713	ok	0	0.00374884	0.00456081	0.99169	0	0	0	ieu-abj-genome-v1	prive2022-hg19	0.5	0.2	5000	0.06	EUR	af-assigned	2399836	True	False	True
ieu-a-1062	/local-scratch/data/opengwas/igd/ieu-a-1062/ieu-a-1062.vcf.gz	Symbol search	991	EUR	European	1708423	0.022047	EUR	1	1	ok	0	0	0	1	0	0	0	ieu-abj-genome-v1	prive2022-hg19	0.5	0.2	5000	0.06	EUR	af-assigned	2435585	True	False	True
ieu-a-1063	/local-scratch/data/opengwas/igd/ieu-a-1063/ieu-a-1063.vcf.gz	8-choice reaction time	1382	EUR	European	1744503	0.0175919	EUR	1	1	ok	0	0	0	1	0	0	0	ieu-abj-genome-v1	prive2022-hg19	0.5	0.2	5000	0.06	EUR	af-assigned	2380395	True	False	True
ieu-a-1064	/local-scratch/data/opengwas/igd/ieu-a-1064/ieu-a-1064.vcf.gz	2-choice reaction time	2602	EUR	European	1772257	0.0238616	EUR	0.991691	0.987136	ok	0	0.00375357	0.00455538	0.991691	0	0	0	ieu-abj-genome-v1	prive2022-hg19	0.5	0.2	5000	0.06	EUR	af-assigned	2412589	True	False	True
ieu-a-1065	/local-scratch/data/opengwas/igd/ieu-a-1065/ieu-a-1065.vcf.gz	Inspection time	2645	EUR	European	1766692	0.0237699	EUR	0.991693	0.987132	ok	0	0.0037465	0.00456057	0.991693	0	0	0	ieu-abj-genome-v1	prive2022-hg19	0.5	0.2	5000	0.06	EUR	af-assigned	2399807	True	False	True
ieu-a-1066	/local-scratch/data/opengwas/igd/ieu-a-1066/ieu-a-1066.vcf.gz	Simple reaction time	2378	EUR	European	1772257	0.0238616	EUR	0.991691	0.987136	ok	0	0.00375357	0.00455538	0.991691	0	0	0	ieu-abj-genome-v1	prive2022-hg19	0.5	0.2	5000	0.06	EUR	af-assigned	2412589	True	False	True
ieu-a-1067	/local-scratch/data/opengwas/igd/ieu-a-1067/ieu-a-1067.vcf.gz	Digit symbol	2956	EUR	European	1766692	0.0237687	EUR	0.991698	0.987138	ok	0	0.00374175	0.00455996	0.991698	0	0	0	ieu-abj-genome-v1	prive2022-hg19	0.5	0.2	5000	0.06	EUR	af-assigned	2399817	True	False	True
ieu-a-1068	/local-scratch/data/opengwas/igd/ieu-a-1068/ieu-a-1068.vcf.gz	4-choice reaction time	2829	EUR	European	1766710	0.023768	EUR	0.991694	0.987134	ok	0	0.00374564	0.00456024	0.991694	0	0	0	ieu-abj-genome-v1	prive2022-hg19	0.5	0.2	5000	0.06	EUR	af-assigned	2399832	True	False	True
ieu-a-1069	/local-scratch/data/opengwas/igd/ieu-a-1069/ieu-a-1069.vcf.gz	Sitting height ratio	3545	Unassigned	African American	0	nan		0	0	overlap	0	0	0	0	0	0	0	ieu-abj-genome-v1	prive2022-hg19	0.5	0.2	5000	0.06	AFR	reported-fallback	12911905	True	False	True
ieu-a-1070	/local-scratch/data/opengwas/igd/ieu-a-1070/ieu-a-1070.vcf.gz	Sitting height ratio	21590	Unassigned	European	0	nan		0	0	overlap	0	0	0	0	0	0	0	ieu-abj-genome-v1	prive2022-hg19	0.5	0.2	5000	0.06	EUR	reported-fallback	6976796	True	False	True
ieu-a-1071	/local-scratch/data/opengwas/igd/ieu-a-1071/ieu-a-1071.vcf.gz	Sitting height ratio	12965	Unassigned	European	0	nan		0	0	overlap	0	0	0	0	0	0	0	ieu-abj-genome-v1	prive2022-hg19	0.5	0.2	5000	0.06	EUR	reported-fallback	6974336	True	False	True
ieu-a-1072	/local-scratch/data/opengwas/igd/ieu-a-1072/ieu-a-1072.vcf.gz	Sitting height ratio	8625	Unassigned	European	0	nan		0	0	overlap	0	0	0	0	0	0	0	ieu-abj-genome-v1	prive2022-hg19	0.5	0.2	5000	0.06	EUR	reported-fallback	6919141	True	False	True
ieu-a-1073	/local-scratch/data/opengwas/igd/ieu-a-1073/ieu-a-1073.vcf.gz	Copper	2603	Unassigned	European	0	nan		0	0	overlap	0	0	0	0	0	0	0	ieu-abj-genome-v1	prive2022-hg19	0.5	0.2	5000	0.06	EUR	reported-fallback	2540357	True	False	True
ieu-a-1074	/local-scratch/data/opengwas/igd/ieu-a-1074/ieu-a-1074.vcf.gz	Copper	2603	Unassigned	European	0	nan		0	0	overlap	0	0	0	0	0	0	0	ieu-abj-genome-v1	prive2022-hg19	0.5	0.2	5000	0.06	EUR	reported-fallback	13761	False	True	False
ieu-a-1075	/local-scratch/data/opengwas/igd/ieu-a-1075/ieu-a-1075.vcf.gz	Selenium	2874	Unassigned	European	0	nan		0	0	overlap	0	0	0	0	0	0	0	ieu-abj-genome-v1	prive2022-hg19	0.5	0.2	5000	0.06	EUR	reported-fallback	2448565	True	False	True
ieu-a-1076	/local-scratch/data/opengwas/igd/ieu-a-1076/ieu-a-1076.vcf.gz	Selenium	2874	Unassigned	European	0	nan		0	0	overlap	0	0	0	0	0	0	0	ieu-abj-genome-v1	prive2022-hg19	0.5	0.2	5000	0.06	EUR	reported-fallback	36654	False	True	False
ieu-a-1077	/local-scratch/data/opengwas/igd/ieu-a-1077/ieu-a-1077.vcf.gz	Selenium	2603	Unassigned	European	0	nan		0	0	overlap	0	0	0	0	0	0	0	ieu-abj-genome-v1	prive2022-hg19	0.5	0.2	5000	0.06	EUR	reported-fallback	2540331	True	False	True
ieu-a-1078	/local-scratch/data/opengwas/igd/ieu-a-1078/ieu-a-1078.vcf.gz	Selenium	2603	Unassigned	European	0	nan		0	0	overlap	0	0	0	0	0	0	0	ieu-abj-genome-v1	prive2022-hg19	0.5	0.2	5000	0.06	EUR	reported-fallback	13761	False	True	False
ieu-a-1079	/local-scratch/data/opengwas/igd/ieu-a-1079/ieu-a-1079.vcf.gz	Zinc	2603	Unassigned	European	0	nan		0	0	overlap	0	0	0	0	0	0	0	ieu-abj-genome-v1	prive2022-hg19	0.5	0.2	5000	0.06	EUR	reported-fallback	2540325	True	False	True
ieu-a-1080	/local-scratch/data/opengwas/igd/ieu-a-1080/ieu-a-1080.vcf.gz	Zinc	2603	Unassigned	European	0	nan		0	0	overlap	0	0	0	0	0	0	0	ieu-abj-genome-v1	prive2022-hg19	0.5	0.2	5000	0.06	EUR	reported-fallback	13761	False	True	False
ieu-a-1081	/local-scratch/data/opengwas/igd/ieu-a-1081/ieu-a-1081.vcf.gz	IgA nephropathy	5957	EUR	European	254259	0.0173271	EUR	1	1	ok	0	0	0	1	0	0	0	ieu-abj-genome-v1	prive2022-hg19	0.5	0.2	5000	0.06	EUR	af-assigned	277902	True	True	False
ieu-a-1082	/local-scratch/data/opengwas/igd/ieu-a-1082/ieu-a-1082.vcf.gz	Thyroid cancer	1080	EUR	European	512606	0.015592	EUR	0.839074	0.704374	ok	0	0	0	0.839074	0.1347	0.0262255	0	ieu-abj-genome-v1	prive2022-hg19	0.5	0.2	5000	0.06	EUR	af-assigned	571078	True	False	True
ieu-a-1083	/local-scratch/data/opengwas/igd/ieu-a-1083/ieu-a-1083.vcf.gz	Birth weight	143677	EUR	European	4980341	0.00933853	EUR	0.988042	0.984275	ok	0.00368695	0.00376653	0.00306548	0.988042	0	0	0.00143912	ieu-abj-genome-v1	prive2022-hg19	0.5	0.2	5000	0.06	EUR	af-assigned	15314235	True	False	True
ieu-a-1085	/local-scratch/data/opengwas/igd/ieu-a-1085/ieu-a-1085.vcf.gz	Amyotrophic lateral sclerosis	36052	EUR	European	4696740	0.019636	EUR	0.992482	0.984964	ok	0	0	0	0.992482	0.00751811	0	0	ieu-abj-genome-v1	prive2022-hg19	0.5	0.2	5000	0.06	EUR	af-assigned	7481913	True	False	True
ieu-a-1086	/local-scratch/data/opengwas/igd/ieu-a-1086/ieu-a-1086.vcf.gz	Amyotrophic lateral sclerosis	36052	Unassigned	European	4881618	0.572419	AFR	0.704644	0.409288	residual	0.704644	0	0.295356	0	0	0	0	ieu-abj-genome-v1	prive2022-hg19	0.5	0.2	5000	0.06	EUR	reported-fallback	8418092	True	False	True
ieu-a-1087	/local-scratch/data/opengwas/igd/ieu-a-1087/ieu-a-1087.vcf.gz	Chronotype	128266	EUR	European	5299964	0.00529806	EUR	1	1	ok	0	0	0	1	0	0	0	ieu-abj-genome-v1	prive2022-hg19	0.5	0.2	5000	0.06	EUR	af-assigned	15576362	True	False	True
ieu-a-1088	/local-scratch/data/opengwas/igd/ieu-a-1088/ieu-a-1088.vcf.gz	Sleep duration	128266	EUR	European	5299078	0.00529399	EUR	1	1	ok	0	0	0	1	0	0	0	ieu-abj-genome-v1	prive2022-hg19	0.5	0.2	5000	0.06	EUR	af-assigned	15347572	True	False	True
ieu-a-1089	/local-scratch/data/opengwas/igd/ieu-a-1089/ieu-a-1089.vcf.gz	Body mass index	120286	EUR	European	5030511	0.00517771	EUR	1	1	ok	0	0	0	1	0	0	0	ieu-abj-genome-v1	prive2022-hg19	0.5	0.2	5000	0.06	EUR	af-assigned	8234065	True	False	True
ieu-a-1090	/local-scratch/data/opengwas/igd/ieu-a-1090/ieu-a-1090.vcf.gz	Type 2 diabetes	120286	EUR	European	4976214	0.00520262	EUR	1	1	ok	0	0	0	1	0	0	0	ieu-abj-genome-v1	prive2022-hg19	0.5	0.2	5000	0.06	EUR	af-assigned	7987990	True	False	True
ieu-a-1091	/local-scratch/data/opengwas/igd/ieu-a-1091/ieu-a-1091.vcf.gz	Top 1 % survival	75244	EUR	European	5192452	0.00514017	EUR	0.98163	0.970275	ok	0.00464121	0.00110506	0.00126935	0.98163	0	0	0.0113545	ieu-abj-genome-v1	prive2022-hg19	0.5	0.2	5000	0.06	EUR	af-assigned	8973300	True	False	True
ieu-a-1092	/local-scratch/data/opengwas/igd/ieu-a-1092/ieu-a-1092.vcf.gz	Father's age at death	75244	EUR	European	5192452	0.00514017	EUR	0.98163	0.970275	ok	0.00464121	0.00110506	0.00126935	0.98163	0	0	0.0113545	ieu-abj-genome-v1	prive2022-hg19	0.5	0.2	5000	0.06	EUR	af-assigned	8973300	True	False	True
ieu-a-1093	/local-scratch/data/opengwas/igd/ieu-a-1093/ieu-a-1093.vcf.gz	Mother's age at death	75244	EUR	European	5192452	0.00514017	EUR	0.98163	0.970275	ok	0.00464121	0.00110506	0.00126935	0.98163	0	0	0.0113545	ieu-abj-genome-v1	prive2022-hg19	0.5	0.2	5000	0.06	EUR	af-assigned	8973300	True	False	True
ieu-a-1094	/local-scratch/data/opengwas/igd/ieu-a-1094/ieu-a-1094.vcf.gz	Parents' age at death	75244	EUR	European	5192452	0.00514017	EUR	0.98163	0.970275	ok	0.00464121	0.00110506	0.00126935	0.98163	0	0	0.0113545	ieu-abj-genome-v1	prive2022-hg19	0.5	0.2	5000	0.06	EUR	af-assigned	8973300	True	False	True
ieu-a-1095	/local-scratch/data/opengwas/igd/ieu-a-1095/ieu-a-1095.vcf.gz	Age at menarche	182416	EUR	European	1772192	0.0389913	EUR	1	1	ok	0	0	0	1	0	0	0	ieu-abj-genome-v1	prive2022-hg19	0.5	0.2	5000	0.06	EUR	af-assigned	2427702	True	False	True
ieu-a-1096	/local-scratch/data/opengwas/igd/ieu-a-1096/ieu-a-1096.vcf.gz	Childhood obesity	13848	Unassigned	European	0	nan		0	0	overlap	0	0	0	0	0	0	0	ieu-abj-genome-v1	prive2022-hg19	0.5	0.2	5000	0.06	EUR	reported-fallback	2439810	True	False	True
ieu-a-1097	/local-scratch/data/opengwas/igd/ieu-a-1097/ieu-a-1097.vcf.gz	Microalbuminuria	54116	EUR	European	1659880	0.0386484	EUR	0.999184	0.998367	ok	0.000816449	0	0	0.999184	0	0	0	ieu-abj-genome-v1	prive2022-hg19	0.5	0.2	5000	0.06	EUR	af-assigned	2189106	True	False	True
ieu-a-1098	/local-scratch/data/opengwas/igd/ieu-a-1098/ieu-a-1098.vcf.gz	Narcolepsy	12307	Unassigned	European	0	nan		0	0	overlap	0	0	0	0	0	0	0	ieu-abj-genome-v1	prive2022-hg19	0.5	0.2	5000	0.06	EUR	reported-fallback	101879	True	True	False
ieu-a-1099	/local-scratch/data/opengwas/igd/ieu-a-1099/ieu-a-1099.vcf.gz	Serum creatinine (eGFRcrea)	16474	AFR	African American	1613513	0.0381981	AFR	1	1	ok	1	0	0	0	0	0	0	ieu-abj-genome-v1	prive2022-hg19	0.5	0.2	5000	0.06	AFR	af-assigned	2450940	True	False	True
ieu-a-1100	/local-scratch/data/opengwas/igd/ieu-a-1100/ieu-a-1100.vcf.gz	Urinary albumin-to-creatinine ratio	5825	EUR	European	1660574	0.0385826	EUR	0.999247	0.998494	ok	0.000753237	0	0	0.999247	0	0	0	ieu-abj-genome-v1	prive2022-hg19	0.5	0.2	5000	0.06	EUR	af-assigned	2189141	True	False	True
ieu-a-1101	/local-scratch/data/opengwas/igd/ieu-a-1101/ieu-a-1101.vcf.gz	Urinary albumin-to-creatinine ratio	46061	EUR	European	1657730	0.0383694	EUR	0.999088	0.998176	ok	0.000912025	0	0	0.999088	0	0	0	ieu-abj-genome-v1	prive2022-hg19	0.5	0.2	5000	0.06	EUR	af-assigned	2186119	True	False	True
ieu-a-1102	/local-scratch/data/opengwas/igd/ieu-a-1102/ieu-a-1102.vcf.gz	Chronic kidney disease	117165	EUR	Mixed	1659579	0.038636	EUR	0.999209	0.998417	ok	0.000791275	0	0	0.999209	0	0	0	ieu-abj-genome-v1	prive2022-hg19	0.5	0.2	5000	0.06	EUR	af-assigned	2189545	True	False	True
ieu-a-1103	/local-scratch/data/opengwas/igd/ieu-a-1103/ieu-a-1103.vcf.gz	Serum creatinine (eGFRcrea)	11529	EUR	Mixed	1663414	0.0385264	EUR	0.999255	0.998509	ok	0.000745458	0	0	0.999255	0	0	0	ieu-abj-genome-v1	prive2022-hg19	0.5	0.2	5000	0.06	EUR	af-assigned	2194720	True	False	True
ieu-a-1104	/local-scratch/data/opengwas/igd/ieu-a-1104/ieu-a-1104.vcf.gz	Serum creatinine (eGFRcrea)	118460	EUR	Mixed	1664407	0.0385561	EUR	0.999227	0.998455	ok	0.000772572	0	0	0.999227	0	0	0	ieu-abj-genome-v1	prive2022-hg19	0.5	0.2	5000	0.06	EUR	af-assigned	2195953	True	False	True
ieu-a-1105	/local-scratch/data/opengwas/igd/ieu-a-1105/ieu-a-1105.vcf.gz	Serum creatinine (eGFRcrea)	133814	EUR	Mixed	1664341	0.0385749	EUR	0.999231	0.998461	ok	0.000769433	0	0	0.999231	0	0	0	ieu-abj-genome-v1	prive2022-hg19	0.5	0.2	5000	0.06	EUR	af-assigned	2195871	True	False	True
ieu-a-1106	/local-scratch/data/opengwas/igd/ieu-a-1106/ieu-a-1106.vcf.gz	Serum cystatin C (eGFRcys)	33152	EUR	Mixed	1663863	0.0383765	EUR	0.999147	0.998293	ok	0.000853416	0	0	0.999147	0	0	0	ieu-abj-genome-v1	prive2022-hg19	0.5	0.2	5000	0.06	EUR	af-assigned	2195189	True	False	True
ieu-a-1107	/local-scratch/data/opengwas/igd/ieu-a-1107/ieu-a-1107.vcf.gz	Urinary albumin-to-creatinine ratio	54450	EUR	European	1658753	0.0385639	EUR	0.999095	0.99819	ok	0.000905019	0	0	0.999095	0	0	0	ieu-abj-genome-v1	prive2022-hg19	0.5	0.2	5000	0.06	EUR	af-assigned	2187841	True	False	True
ieu-a-1108	/local-scratch/data/opengwas/igd/ieu-a-1108/ieu-a-1108.vcf.gz	Ischemic stroke	29633	EUR	Mixed	1773718	0.0193598	EUR	0.984096	0.979648	ok	0.00413285	0.00277652	0.00263992	0.984096	0.0044483	0	0.00190608	ieu-abj-genome-v1	prive2022-hg19	0.5	0.2	5000	0.06	EUR	af-assigned	2419027	True	False	True
ieu-a-1109	/local-scratch/data/opengwas/igd/ieu-a-1109/ieu-a-1109.vcf.gz	Cardioembolic stroke	21185	EUR	Mixed	1779781	0.0244741	EUR	0.977016	0.969969	ok	0.00704657	0.00342696	0.00413983	0.977016	0.00585091	0	0.00252001	ieu-abj-genome-v1	prive2022-hg19	0.5	0.2	5000	0.06	EUR	af-assigned	2435413	True	False	True
ieu-a-1110	/local-scratch/data/opengwas/igd/ieu-a-1110/ieu-a-1110.vcf.gz	Large vessel disease	21143	EUR	Mixed	1771062	0.0197978	EUR	0.982386	0.976997	ok	0.00408153	0.00256106	0.00342454	0.982386	0.00538933	0	0.00215762	ieu-abj-genome-v1	prive2022-hg19	0.5	0.2	5000	0.06	EUR	af-assigned	2410558	True	False	True
ieu-a-1111	/local-scratch/data/opengwas/igd/ieu-a-1111/ieu-a-1111.vcf.gz	Small vessel disease	20675	EUR	Mixed	1771125	0.0149413	EUR	0.989661	0.986746	ok	0.00119749	0.00239775	0.00209976	0.989661	0.00291504	0	0.00172851	ieu-abj-genome-v1	prive2022-hg19	0.5	0.2	5000	0.06	EUR	af-assigned	2410957	True	False	True
ieu-a-1112	/local-scratch/data/opengwas/igd/ieu-a-1112/ieu-a-1112.vcf.gz	Primary sclerosing cholangitis	14890	EUR	Mixed	3539934	0.00959638	EUR	0.996856	0.993713	ok	0	0	0	0.996856	0.00314371	0	0	ieu-abj-genome-v1	prive2022-hg19	0.5	0.2	5000	0.06	EUR	af-assigned	6288120	True	False	True
ieu-a-1113	/local-scratch/data/opengwas/igd/ieu-a-1113/ieu-a-1113.vcf.gz	Hepatocyte growth factor	8292	Unassigned	European	4947466	0.548678	AFR	0.473425	0.0787251	residual	0.473425	0	0.3947	0	0	0	0.131874	ieu-abj-genome-v1	prive2022-hg19	0.5	0.2	5000	0.06	EUR	reported-fallback	10320015	True	False	True
ieu-a-1114	/local-scratch/data/opengwas/igd/ieu-a-1114/ieu-a-1114.vcf.gz	Monocyte chemotactic protein-1 (CCL2)	8293	Unassigned	European	4947178	0.548672	AFR	0.473318	0.078766	residual	0.473318	0	0.394552	0	0	0	0.13213	ieu-abj-genome-v1	prive2022-hg19	0.5	0.2	5000	0.06	EUR	reported-fallback	10315339	True	False	True
ieu-a-1115	/local-scratch/data/opengwas/igd/ieu-a-1115/ieu-a-1115.vcf.gz	Monocyte specific chemokine 3 (CCL7)	843	Unassigned	European	4855278	0.541882	AFR	0.464947	0.0823598	residual	0.464947	0	0.382587	0	0	0	0.152465	ieu-abj-genome-v1	prive2022-hg19	0.5	0.2	5000	0.06	EUR	reported-fallback	8777381	True	False	True
ieu-a-1116	/local-scratch/data/opengwas/igd/ieu-a-1116/ieu-a-1116.vcf.gz	TNF-related apoptosis inducing ligand	8186	Unassigned	European	4947033	0.548655	AFR	0.473379	0.0788051	residual	0.473379	0	0.394574	0	0	0	0.132047	ieu-abj-genome-v1	prive2022-hg19	0.5	0.2	5000	0.06	EUR	reported-fallback	10315344	True	False	True
ieu-a-1117	/local-scratch/data/opengwas/igd/ieu-a-1117/ieu-a-1117.vcf.gz	Tumor necrosis factor-alpha	3454	Unassigned	European	4916119	0.547401	AFR	0.470807	0.0790038	residual	0.470807	0	0.391803	0	0	0	0.137391	ieu-abj-genome-v1	prive2022-hg19	0.5	0.2	5000	0.06	EUR	reported-fallback	9774252	True	False	True
ieu-a-1118	/local-scratch/data/opengwas/igd/ieu-a-1118/ieu-a-1118.vcf.gz	Macrophage migration inhibitory factor (glycosylation-inhibiting factor)	3494	Unassigned	European	4917935	0.547486	AFR	0.470905	0.0788899	residual	0.470905	0	0.392015	0	0	0	0.137081	ieu-abj-genome-v1	prive2022-hg19	0.5	0.2	5000	0.06	EUR	reported-fallback	9802317	True	False	True
ieu-a-1119	/local-scratch/data/opengwas/igd/ieu-a-1119/ieu-a-1119.vcf.gz	Interleukin-13	3557	Unassigned	European	4916825	0.54745	AFR	0.47075	0.0786198	residual	0.47075	0	0.392131	0	0	0	0.137119	ieu-abj-genome-v1	prive2022-hg19	0.5	0.2	5000	0.06	EUR	reported-fallback	9796856	True	False	True
ieu-a-1120	/local-scratch/data/opengwas/igd/ieu-a-1120/ieu-a-1120.vcf.gz	Ovarian cancer	66450	EUR	European	5079631	0.00993458	EUR	0.986732	0.978992	ok	0.00101449	0.00356023	0.000953572	0.986732	0	0	0.00773974	ieu-abj-genome-v1	prive2022-hg19	0.5	0.2	5000	0.06	EUR	af-assigned	15594303	True	False	True
ieu-a-1121	/local-scratch/data/opengwas/igd/ieu-a-1121/ieu-a-1121.vcf.gz	High grade serous ovarian cancer	53978	EUR	European	5079634	0.00992897	EUR	0.986731	0.978989	ok	0.00101332	0.00356165	0.00095301	0.986731	0	0	0.00774134	ieu-abj-genome-v1	prive2022-hg19	0.5	0.2	5000	0.06	EUR	af-assigned	15635757	True	False	True
ieu-a-1122	/local-scratch/data/opengwas/igd/ieu-a-1122/ieu-a-1122.vcf.gz	Low grade serous ovarian cancer	41953	EUR	European	5079431	0.00993595	EUR	0.986738	0.979	ok	0.00101361	0.00356051	0.000950561	0.986738	0	0	0.00773778	ieu-abj-genome-v1	prive2022-hg19	0.5	0.2	5000	0.06	EUR	af-assigned	15127392	True	False	True
ieu-a-1123	/local-scratch/data/opengwas/igd/ieu-a-1123/ieu-a-1123.vcf.gz	Invasive mucinous ovarian cancer	42358	EUR	European	5079452	0.00993244	EUR	0.986742	0.979008	ok	0.00101226	0.00355848	0.000952553	0.986742	0	0	0.00773447	ieu-abj-genome-v1	prive2022-hg19	0.5	0.2	5000	0.06	EUR	af-assigned	15448819	True	False	True
ieu-a-1124	/local-scratch/data/opengwas/igd/ieu-a-1124/ieu-a-1124.vcf.gz	Clear cell ovarian cancer	42307	EUR	European	5079454	0.0099367	EUR	0.986738	0.979002	ok	0.00101338	0.00356102	0.000951058	0.986738	0	0	0.00773605	ieu-abj-genome-v1	prive2022-hg19	0.5	0.2	5000	0.06	EUR	af-assigned	15408939	True	False	True
ieu-a-1125	/local-scratch/data/opengwas/igd/ieu-a-1125/ieu-a-1125.vcf.gz	Endometrioid ovarian cancer	43751	EUR	European	5079455	0.00992999	EUR	0.986742	0.979008	ok	0.00101248	0.00355948	0.000952406	0.986742	0	0	0.00773385	ieu-abj-genome-v1	prive2022-hg19	0.5	0.2	5000	0.06	EUR	af-assigned	15483155	True	False	True
ieu-a-1126	/local-scratch/data/opengwas/igd/ieu-a-1126/ieu-a-1126.vcf.gz	Breast cancer (Combined Oncoarray; iCOGS; GWAS meta analysis)	228951	EUR	European	5066707	0.00787819	EUR	0.973905	0.961875	ok	0.00175843	0.00563817	0.00406075	0.973905	0.00260667	0	0.0120305	ieu-abj-genome-v1	prive2022-hg19	0.5	0.2	5000	0.06	EUR	af-assigned	10180512	True	False	True
ieu-a-1127	/local-scratch/data/opengwas/igd/ieu-a-1127/ieu-a-1127.vcf.gz	ER+ Breast cancer (Combined Oncoarray; iCOGS; GWAS meta analysis)	175475	EUR	European	5066706	0.00798768	EUR	0.972989	0.961001	ok	0.00173342	0.00580173	0.00426296	0.972989	0.00322535	0	0.0119879	ieu-abj-genome-v1	prive2022-hg19	0.5	0.2	5000	0.06	EUR	af-assigned	10179906	True	False	True
ieu-a-1128	/local-scratch/data/opengwas/igd/ieu-a-1128/ieu-a-1128.vcf.gz	ER- Breast cancer (Combined Oncoarray; iCOGS; GWAS meta analysis)	127442	EUR	European	5066705	0.00764218	EUR	0.975298	0.96461	ok	0.00164729	0.00543713	0.00361612	0.975298	0.00331324	0	0.0106882	ieu-abj-genome-v1	prive2022-hg19	0.5	0.2	5000	0.06	EUR	af-assigned	10180043	True	False	True
ieu-a-1129	/local-scratch/data/opengwas/igd/ieu-a-1129/ieu-a-1129.vcf.gz	Breast cancer (Oncoarray)	106776	EUR	European	5066652	0.00711801	EUR	0.988339	0.98139	ok	1.25629e-05	0.0023097	0	0.988339	0.00694969	0	0.0023888	ieu-abj-genome-v1	prive2022-hg19	0.5	0.2	5000	0.06	EUR	af-assigned	10179588	True	False	True
ieu-a-1130	/local-scratch/data/opengwas/igd/ieu-a-1130/ieu-a-1130.vcf.gz	Breast cancer (iCOGS)	89677	EUR	European	5065915	0.0132451	EUR	0.943195	0.913503	ok	0.00423465	0.0109504	0.011928	0.943195	0	0	0.0296918	ieu-abj-genome-v1	prive2022-hg19	0.5	0.2	5000	0.06	EUR	af-assigned	10166262	True	False	True
ieu-a-1131	/local-scratch/data/opengwas/igd/ieu-a-1131/ieu-a-1131.vcf.gz	Breast cancer (GWAS)	32498	EUR	European	5054963	0.00807528	EUR	0.986769	0.981677	ok	0.00130312	0.00425441	0.00258182	0.986769	0	0	0.00509201	ieu-abj-genome-v1	prive2022-hg19	0.5	0.2	5000	0.06	EUR	af-assigned	9629643	False	True	False
ieu-a-1132	/local-scratch/data/opengwas/igd/ieu-a-1132/ieu-a-1132.vcf.gz	ER+ Breast cancer (Oncoarray)	83691	EUR	European	5066664	0.00711805	EUR	0.98834	0.98139	ok	1.23859e-05	0.00230944	0	0.98834	0.00694929	0	0.00238926	ieu-abj-genome-v1	prive2022-hg19	0.5	0.2	5000	0.06	EUR	af-assigned	10179532	True	False	True
ieu-a-1133	/local-scratch/data/opengwas/igd/ieu-a-1133/ieu-a-1133.vcf.gz	ER+ Breast cancer (iCOGS)	69970	EUR	European	5065916	0.0132534	EUR	0.943383	0.913871	ok	0.00422903	0.0109439	0.0119309	0.943383	0	0	0.0295128	ieu-abj-genome-v1	prive2022-hg19	0.5	0.2	5000	0.06	EUR	af-assigned	10167543	True	False	True
ieu-a-1134	/local-scratch/data/opengwas/igd/ieu-a-1134/ieu-a-1134.vcf.gz	ER+ Breast cancer (GWAS)	21814	EUR	European	5048206	0.0119658	EUR	0.973864	0.966414	ok	0.00139977	0.00744908	0.00652574	0.973864	0.00437256	0	0.0063893	ieu-abj-genome-v1	prive2022-hg19	0.5	0.2	5000	0.06	EUR	af-assigned	9231031	False	True	False
ieu-a-1135	/local-scratch/data/opengwas/igd/ieu-a-1135/ieu-a-1135.vcf.gz	ER- Breast cancer (Oncoarray)	55149	EUR	European	5066664	0.00711805	EUR	0.98834	0.98139	ok	1.23859e-05	0.00230944	0	0.98834	0.00694929	0	0.00238926	ieu-abj-genome-v1	prive2022-hg19	0.5	0.2	5000	0.06	EUR	af-assigned	10179440	True	False	True
ieu-a-1136	/local-scratch/data/opengwas/igd/ieu-a-1136/ieu-a-1136.vcf.gz	ER- Breast cancer (iCOGS)	50225	EUR	European	5065915	0.013248	EUR	0.943144	0.913456	ok	0.00423098	0.0109475	0.0119907	0.943144	0	0	0.0296872	ieu-abj-genome-v1	prive2022-hg19	0.5	0.2	5000	0.06	EUR	af-assigned	10165059	True	False	True
ieu-a-1137	/local-scratch/data/opengwas/igd/ieu-a-1137/ieu-a-1137.vcf.gz	ER- Breast cancer (GWAS)	22068	EUR	European	5052599	0.00870373	EUR	0.984659	0.979417	ok	0.00165949	0.00492417	0.00271169	0.984659	0.00080415	0	0.0052415	ieu-abj-genome-v1	prive2022-hg19	0.5	0.2	5000	0.06	EUR	af-assigned	9572131	False	True	False
ieu-a-1138	/local-scratch/data/opengwas/igd/ieu-a-1138/ieu-a-1138.vcf.gz	Adrenic acid (22:4n6)	8631	EUR	European	1787171	0.0174285	EUR	0.999303	0.998607	ok	0	0.000696706	0	0.999303	0	0	0	ieu-abj-genome-v1	prive2022-hg19	0.5	0.2	5000	0.06	EUR	af-assigned	2523279	True	False	True
ieu-a-1139	/local-scratch/data/opengwas/igd/ieu-a-1139/ieu-a-1139.vcf.gz	Gamma-linolenic acid (18:3n6)	8631	EUR	European	1885678	0.0195389	EUR	0.995126	0.992407	ok	0	0.00215449	0	0.995126	0.00271927	0	0	ieu-abj-genome-v1	prive2022-hg19	0.5	0.2	5000	0.06	EUR	af-assigned	2766857	True	False	True
ieu-a-1140	/local-scratch/data/opengwas/igd/ieu-a-1140/ieu-a-1140.vcf.gz	Dihomo-gamma-linolenic acid (20:3n6)	8631	EUR	European	1885683	0.019566	EUR	0.995194	0.99258	ok	0	0.00219101	0	0.995194	0.00261451	0	0	ieu-abj-genome-v1	prive2022-hg19	0.5	0.2	5000	0.06	EUR	af-assigned	2767000	True	False	True
ieu-a-1141	/local-scratch/data/opengwas/igd/ieu-a-1141/ieu-a-1141.vcf.gz	Arachidonic acid (20:4n6)	8631	EUR	European	1886814	0.0200113	EUR	0.98586	0.972195	ok	0	0.00047513	0	0.98586	0.013665	0	0	ieu-abj-genome-v1	prive2022-hg19	0.5	0.2	5000	0.06	EUR	af-assigned	2779677	True	False	True
ieu-a-1142	/local-scratch/data/opengwas/igd/ieu-a-1142/ieu-a-1142.vcf.gz	Linoleic acid (18:2n6)	8631	EUR	European	1886814	0.0200785	EUR	0.990424	0.982201	ok	0	0.00135355	0	0.990424	0.00822268	0	0	ieu-abj-genome-v1	prive2022-hg19	0.5	0.2	5000	0.06	EUR	af-assigned	2779677	True	False	True
ieu-a-1144	/local-scratch/data/opengwas/igd/ieu-a-1144/ieu-a-1144.vcf.gz	Docosapentaenoic acid (22:5n3)	8866	EUR	European	1876678	0.0182063	EUR	0.99613	0.994158	ok	0	0.00189857	0	0.99613	0.00197177	0	0	ieu-abj-genome-v1	prive2022-hg19	0.5	0.2	5000	0.06	EUR	af-assigned	2599230	True	False	True
ieu-a-1145	/local-scratch/data/opengwas/igd/ieu-a-1145/ieu-a-1145.vcf.gz	<ce><b1>-linolenic acid (18:3n3)	8866	EUR	European	1878857	0.0185923	EUR	0.9967	0.99492	ok	0	0.00151894	0	0.9967	0.00178072	0	0	ieu-abj-genome-v1	prive2022-hg19	0.5	0.2	5000	0.06	EUR	af-assigned	2609518	True	False	True
ieu-a-1146	/local-scratch/data/opengwas/igd/ieu-a-1146/ieu-a-1146.vcf.gz	Docosahexaenoic acid (22:6n3)	8866	EUR	European	1878857	0.0184073	EUR	0.983078	0.966155	ok	0	0	0	0.983078	0.0169223	0	0	ieu-abj-genome-v1	prive2022-hg19	0.5	0.2	5000	0.06	EUR	af-assigned	2609518	True	False	True
ieu-a-1147	/local-scratch/data/opengwas/igd/ieu-a-1147/ieu-a-1147.vcf.gz	Eicosapentaenoic acid (20:5n3)	8866	EUR	European	1878857	0.0186578	EUR	0.978664	0.957327	ok	0	0	0	0.978664	0.0213363	0	0	ieu-abj-genome-v1	prive2022-hg19	0.5	0.2	5000	0.06	EUR	af-assigned	2609518	True	False	True
ieu-a-1148	/local-scratch/data/opengwas/igd/ieu-a-1148/ieu-a-1148.vcf.gz	trans-cis-18:2	8013	EUR	European	1874053	0.0177705	EUR	0.997037	0.995453	ok	0	0.00158407	0	0.997037	0.00137908	0	0	ieu-abj-genome-v1	prive2022-hg19	0.5	0.2	5000	0.06	EUR	af-assigned	2653416	True	False	True
ieu-a-1149	/local-scratch/data/opengwas/igd/ieu-a-1149/ieu-a-1149.vcf.gz	trans-trans-18:2	8013	EUR	European	1874063	0.0180371	EUR	0.995457	0.992501	ok	0	0.00158576	0	0.995457	0.00295685	0	0	ieu-abj-genome-v1	prive2022-hg19	0.5	0.2	5000	0.06	EUR	af-assigned	2653441	True	False	True
ieu-a-1150	/local-scratch/data/opengwas/igd/ieu-a-1150/ieu-a-1150.vcf.gz	cis-trans-18:2	8013	EUR	European	1874060	0.0177106	EUR	0.993402	0.989376	ok	0	0.00257167	0	0.993402	0.00402596	0	0	ieu-abj-genome-v1	prive2022-hg19	0.5	0.2	5000	0.06	EUR	af-assigned	2653442	True	False	True
ieu-a-1151	/local-scratch/data/opengwas/igd/ieu-a-1151/ieu-a-1151.vcf.gz	trans-18:1 (sum of 5 isomers)	8013	EUR	European	1874059	0.0176525	EUR	0.995456	0.99307	ok	0	0.00215718	0	0.995456	0.00238645	0	0	ieu-abj-genome-v1	prive2022-hg19	0.5	0.2	5000	0.06	EUR	af-assigned	2653444	True	False	True
ieu-a-1152	/local-scratch/data/opengwas/igd/ieu-a-1152/ieu-a-1152.vcf.gz	trans-16:1n7	8013	EUR	European	1874059	0.0175924	EUR	0.994067	0.990528	ok	0	0.00239405	0	0.994067	0.00353904	0	0	ieu-abj-genome-v1	prive2022-hg19	0.5	0.2	5000	0.06	EUR	af-assigned	2653446	True	False	True
ieu-a-1155	/local-scratch/data/opengwas/igd/ieu-a-1155/ieu-a-1155.vcf.gz	Oleic acid (18:1n9)	8961	EUR	European	1876699	0.0185484	EUR	0.993742	0.9895	ok	0	0.0020165	0	0.993742	0.00424188	0	0	ieu-abj-genome-v1	prive2022-hg19	0.5	0.2	5000	0.06	EUR	af-assigned	2670357	True	False	True
ieu-a-1156	/local-scratch/data/opengwas/igd/ieu-a-1156/ieu-a-1156.vcf.gz	palmitoleic acid (16:1n7)	8961	EUR	European	1876701	0.0185795	EUR	0.995745	0.993292	ok	0	0.0018027	0	0.995745	0.00245244	0	0	ieu-abj-genome-v1	prive2022-hg19	0.5	0.2	5000	0.06	EUR	af-assigned	2670362	True	False	True
ieu-a-1157	/local-scratch/data/opengwas/igd/ieu-a-1157/ieu-a-1157.vcf.gz	Palmitic acid (16:0) plasma levels	8961	EUR	European	1876701	0.0184654	EUR	0.992803	0.987233	ok	0	0.00162771	0	0.992803	0.00556965	0	0	ieu-abj-genome-v1	prive2022-hg19	0.5	0.2	5000	0.06	EUR	af-assigned	2670365	True	False	True
ieu-a-1158	/local-scratch/data/opengwas/igd/ieu-a-1158/ieu-a-1158.vcf.gz	Stearic acid (18:0) plasma levels	8961	EUR	European	1876701	0.0184487	EUR	0.983003	0.966007	ok	0	0	0	0.983003	0.0169967	0	0	ieu-abj-genome-v1	prive2022-hg19	0.5	0.2	5000	0.06	EUR	af-assigned	2670365	True	False	True
ieu-a-1160	/local-scratch/data/opengwas/igd/ieu-a-1160/ieu-a-1160.vcf.gz	ER- Breast cancer (iCOGS)	50225	Unassigned	European	148006	0.249874	EUR	0.537118	0.254138	residual	0.28298	0.0221313	0.0659758	0.537118	0	0	0.0917944	ieu-abj-genome-v1	prive2022-hg19	0.5	0.2	5000	0.06	EUR	reported-fallback	191057	True	True	False
ieu-a-1161	/local-scratch/data/opengwas/igd/ieu-a-1161/ieu-a-1161.vcf.gz	ER+ Breast cancer (iCOGS)	69970	Unassigned	European	148006	0.249874	EUR	0.537118	0.254138	residual	0.28298	0.0221313	0.0659758	0.537118	0	0	0.0917944	ieu-abj-genome-v1	prive2022-hg19	0.5	0.2	5000	0.06	EUR	reported-fallback	191058	True	True	False
ieu-a-1162	/local-scratch/data/opengwas/igd/ieu-a-1162/ieu-a-1162.vcf.gz	Breast cancer (iCOGS)	89677	Unassigned	European	148006	0.249874	EUR	0.537118	0.254138	residual	0.28298	0.0221313	0.0659758	0.537118	0	0	0.0917944	ieu-abj-genome-v1	prive2022-hg19	0.5	0.2	5000	0.06	EUR	reported-fallback	191058	True	True	False
ieu-a-1163	/local-scratch/data/opengwas/igd/ieu-a-1163/ieu-a-1163.vcf.gz	ER- Breast cancer (Survival)	6881	EUR	European	4657512	0.0205628	EUR	0.983659	0.977171	ok	0.00452647	0.00532701	0.00648759	0.983659	0	0	0	ieu-abj-genome-v1	prive2022-hg19	0.5	0.2	5000	0.06	EUR	af-assigned	8680609	True	False	True
ieu-a-1164	/local-scratch/data/opengwas/igd/ieu-a-1164/ieu-a-1164.vcf.gz	ER+ Breast cancer (Survival)	23059	EUR	European	4650544	0.0204278	EUR	0.981722	0.973591	ok	0.00371205	0.00643408	0.00813147	0.981722	0	0	0	ieu-abj-genome-v1	prive2022-hg19	0.5	0.2	5000	0.06	EUR	af-assigned	8567706	True	False	True
ieu-a-1165	/local-scratch/data/opengwas/igd/ieu-a-1165/ieu-a-1165.vcf.gz	Breast cancer (Survival)	37954	EUR	European	4645569	0.0196387	EUR	0.985695	0.980445	ok	0.00412875	0.00492571	0.00525017	0.985695	0	0	0	ieu-abj-genome-v1	prive2022-hg19	0.5	0.2	5000	0.06	EUR	af-assigned	8506274	True	False	True
ieu-a-1166	/local-scratch/data/opengwas/igd/ieu-a-1166/ieu-a-1166.vcf.gz	ER- Breast cancer (GWAS)	21695	EUR	European	4705069	0.0239275	EUR	0.952007	0.929298	ok	0.00992205	0.0153625	0.0227086	0.952007	0	0	0	ieu-abj-genome-v1	prive2022-hg19	0.5	0.2	5000	0.06	EUR	af-assigned	12776334	True	False	True
ieu-a-1167	/local-scratch/data/opengwas/igd/ieu-a-1167/ieu-a-1167.vcf.gz	ER+ Breast cancer (GWAS)	22286	EUR	European	4705409	0.0239314	EUR	0.952001	0.929285	ok	0.00992273	0.0153598	0.022716	0.952001	0	0	0	ieu-abj-genome-v1	prive2022-hg19	0.5	0.2	5000	0.06	EUR	af-assigned	12799369	True	False	True
ieu-a-1168	/local-scratch/data/opengwas/igd/ieu-a-1168/ieu-a-1168.vcf.gz	Breast cancer (GWAS)	33832	EUR	European	4705853	0.0239321	EUR	0.951997	0.92928	ok	0.00992565	0.0153613	0.0227163	0.951997	0	0	0	ieu-abj-genome-v1	prive2022-hg19	0.5	0.2	5000	0.06	EUR	af-assigned	12849762	True	False	True
ieu-a-1169	/local-scratch/data/opengwas/igd/ieu-a-1169/ieu-a-1169.vcf.gz	Hip osteoarthritis	14275	Unassigned	European	0	nan		0	0	overlap	0	0	0	0	0	0	0	ieu-abj-genome-v1	prive2022-hg19	0.5	0.2	5000	0.06	EUR	reported-fallback	1273620	True	False	True
ieu-a-1170	/local-scratch/data/opengwas/igd/ieu-a-1170/ieu-a-1170.vcf.gz	Knee and hip osteoarthritis	14507	Unassigned	European	0	nan		0	0	overlap	0	0	0	0	0	0	0	ieu-abj-genome-v1	prive2022-hg19	0.5	0.2	5000	0.06	EUR	reported-fallback	1276844	True	False	True
ieu-a-1171	/local-scratch/data/opengwas/igd/ieu-a-1171/ieu-a-1171.vcf.gz	Knee osteoarthritis	11655	Unassigned	European	0	nan		0	0	overlap	0	0	0	0	0	0	0	ieu-abj-genome-v1	prive2022-hg19	0.5	0.2	5000	0.06	EUR	reported-fallback	1274364	True	False	True
ieu-a-1172	/local-scratch/data/opengwas/igd/ieu-a-1172/ieu-a-1172.vcf.gz	Educational attainment (years of schooling)	405072	Unassigned	European	2700	0.0338841	EUR	0.976562	0.953123	overlap	0	0	0	0.976562	0.0234383	0	0	ieu-abj-genome-v1	prive2022-hg19	0.5	0.2	5000	0.06	EUR	reported-fallback	4919	True	True	False
ieu-a-1173	/local-scratch/data/opengwas/igd/ieu-a-1173/ieu-a-1173.vcf.gz	Intelligence	147194	Unassigned	European	0	nan		0	0	overlap	0	0	0	0	0	0	0	ieu-abj-genome-v1	prive2022-hg19	0.5	0.2	5000	0.06	EUR	reported-fallback	7695621	True	False	True
ieu-a-1175	/local-scratch/data/opengwas/igd/ieu-a-1175/ieu-a-1175.vcf.gz	Alzheimer's disease	490305	Unassigned	European	0	nan		0	0	overlap	0	0	0	0	0	0	0	ieu-abj-genome-v1	prive2022-hg19	0.5	0.2	5000	0.06	EUR	reported-fallback	6849391	True	False	True
ieu-a-1176	/local-scratch/data/opengwas/igd/ieu-a-1176/ieu-a-1176.vcf.gz	Huntington's disease progression	1989	Unassigned	European	0	nan		0	0	overlap	0	0	0	0	0	0	0	ieu-abj-genome-v1	prive2022-hg19	0.5	0.2	5000	0.06	EUR	reported-fallback	7453498	True	False	True
ieu-a-1177	/local-scratch/data/opengwas/igd/ieu-a-1177/ieu-a-1177.vcf.gz	Huntington's disease progression	216	EUR	European	5176135	0.0209476	EUR	0.977952	0.969337	ok	0.00861583	0	0.00582025	0.977952	0	0	0.00761156	ieu-abj-genome-v1	prive2022-hg19	0.5	0.2	5000	0.06	EUR	af-assigned	8806209	True	False	True
ieu-a-1178	/local-scratch/data/opengwas/igd/ieu-a-1178/ieu-a-1178.vcf.gz	Alzheimer's disease	460801	Unassigned	European	0	nan		0	0	overlap	0	0	0	0	0	0	0	ieu-abj-genome-v1	prive2022-hg19	0.5	0.2	5000	0.06	EUR	reported-fallback	6629421	True	False	True
ieu-a-1180	/local-scratch/data/opengwas/igd/ieu-a-1180/ieu-a-1180.vcf.gz	Parkinson's Disease	514588	Unassigned	European	0	nan		0	0	overlap	0	0	0	0	0	0	0	ieu-abj-genome-v1	prive2022-hg19	0.5	0.2	5000	0.06	EUR	reported-fallback	5770548	True	False	True
ieu-a-1181	/local-scratch/data/opengwas/igd/ieu-a-1181/ieu-a-1181.vcf.gz	Frontotemporal Dementia	12928	Unassigned	European	0	nan		0	0	overlap	0	0	0	0	0	0	0	ieu-abj-genome-v1	prive2022-hg19	0.5	0.2	5000	0.06	EUR	reported-fallback	2399644	True	False	True
ieu-a-1182	/local-scratch/data/opengwas/igd/ieu-a-1182/ieu-a-1182.vcf.gz	Frontotemporal Dementia	3024	Unassigned	European	0	nan		0	0	overlap	0	0	0	0	0	0	0	ieu-abj-genome-v1	prive2022-hg19	0.5	0.2	5000	0.06	EUR	reported-fallback	486538	True	True	False
ieu-a-1183	/local-scratch/data/opengwas/igd/ieu-a-1183/ieu-a-1183.vcf.gz	ADHD	55374	Unassigned	European	0	nan		0	0	overlap	0	0	0	0	0	0	0	ieu-abj-genome-v1	prive2022-hg19	0.5	0.2	5000	0.06	EUR	reported-fallback	7468461	True	False	True
ieu-a-1184	/local-scratch/data/opengwas/igd/ieu-a-1184/ieu-a-1184.vcf.gz	Autism Spectrum Disorder	10610	Unassigned	European	0	nan		0	0	overlap	0	0	0	0	0	0	0	ieu-abj-genome-v1	prive2022-hg19	0.5	0.2	5000	0.06	EUR	reported-fallback	8493725	True	False	True
ieu-a-1185	/local-scratch/data/opengwas/igd/ieu-a-1185/ieu-a-1185.vcf.gz	Autism Spectrum Disorder	46351	Unassigned	European	0	nan		0	0	overlap	0	0	0	0	0	0	0	ieu-abj-genome-v1	prive2022-hg19	0.5	0.2	5000	0.06	EUR	reported-fallback	8370010	True	False	True
ieu-a-1186	/local-scratch/data/opengwas/igd/ieu-a-1186/ieu-a-1186.vcf.gz	Anorexia Nervosa	14477	Unassigned	European	0	nan		0	0	overlap	0	0	0	0	0	0	0	ieu-abj-genome-v1	prive2022-hg19	0.5	0.2	5000	0.06	EUR	reported-fallback	9538880	True	False	True
ieu-a-1187	/local-scratch/data/opengwas/igd/ieu-a-1187/ieu-a-1187.vcf.gz	Major Depressive Disorder	480359	Unassigned	European	0	nan		0	0	overlap	0	0	0	0	0	0	0	ieu-abj-genome-v1	prive2022-hg19	0.5	0.2	5000	0.06	EUR	reported-fallback	9855	True	True	False
ieu-a-1188	/local-scratch/data/opengwas/igd/ieu-a-1188/ieu-a-1188.vcf.gz	Major Depressive Disorder	173005	Unassigned	European	0	nan		0	0	overlap	0	0	0	0	0	0	0	ieu-abj-genome-v1	prive2022-hg19	0.5	0.2	5000	0.06	EUR	reported-fallback	12023246	True	False	True
ieu-a-1189	/local-scratch/data/opengwas/igd/ieu-a-1189/ieu-a-1189.vcf.gz	Obsessive Compulsive Disorder	33925	Unassigned	European	0	nan		0	0	overlap	0	0	0	0	0	0	0	ieu-abj-genome-v1	prive2022-hg19	0.5	0.2	5000	0.06	EUR	reported-fallback	8269796	True	False	True
ieu-a-1193	/local-scratch/data/opengwas/igd/ieu-a-1193/ieu-a-1193.vcf.gz	Beta nerve growth factor	3531	Unassigned	European	4914789	0.547428	AFR	0.470792	0.0789054	residual	0.470792	0	0.391886	0	0	0	0.137322	ieu-abj-genome-v1	prive2022-hg19	0.5	0.2	5000	0.06	EUR	reported-fallback	9788468	True	False	True
ieu-a-1194	/local-scratch/data/opengwas/igd/ieu-a-1194/ieu-a-1194.vcf.gz	Cutaneous T-cell attracting (CCL27)	3631	Unassigned	European	4916871	0.547534	AFR	0.471065	0.0787207	residual	0.471065	0	0.392344	0	0	0	0.136592	ieu-abj-genome-v1	prive2022-hg19	0.5	0.2	5000	0.06	EUR	reported-fallback	9810370	True	False	True
ieu-a-1195	/local-scratch/data/opengwas/igd/ieu-a-1195/ieu-a-1195.vcf.gz	Eotaxin (CCL11)	8153	Unassigned	European	4944932	0.548656	AFR	0.473364	0.0788207	residual	0.473364	0	0.394543	0	0	0	0.132093	ieu-abj-genome-v1	prive2022-hg19	0.5	0.2	5000	0.06	EUR	reported-fallback	10299906	True	False	True
ieu-a-1196	/local-scratch/data/opengwas/igd/ieu-a-1196/ieu-a-1196.vcf.gz	Basic fibroblast growth factor	7565	Unassigned	European	4952864	0.549058	AFR	0.474536	0.0795258	residual	0.474536	0	0.39501	0	0	0	0.130455	ieu-abj-genome-v1	prive2022-hg19	0.5	0.2	5000	0.06	EUR	reported-fallback	10772607	True	False	True
ieu-a-1197	/local-scratch/data/opengwas/igd/ieu-a-1197/ieu-a-1197.vcf.gz	Granulocyte colony-stimulating factor	7904	Unassigned	European	4945363	0.54866	AFR	0.473201	0.078728	residual	0.473201	0	0.394473	0	0	0	0.132326	ieu-abj-genome-v1	prive2022-hg19	0.5	0.2	5000	0.06	EUR	reported-fallback	10293140	True	False	True
ieu-a-1198	/local-scratch/data/opengwas/igd/ieu-a-1198/ieu-a-1198.vcf.gz	Growth regulated oncogene-<ce><b1> (CXCL1)	3505	Unassigned	European	4915316	0.54745	AFR	0.470774	0.0787163	residual	0.470774	0	0.392058	0	0	0	0.137168	ieu-abj-genome-v1	prive2022-hg19	0.5	0.2	5000	0.06	EUR	reported-fallback	9785464	True	False	True
ieu-a-1199	/local-scratch/data/opengwas/igd/ieu-a-1199/ieu-a-1199.vcf.gz	Interferon-gamma	7701	Unassigned	European	4944988	0.548644	AFR	0.473227	0.0788322	residual	0.473227	0	0.394394	0	0	0	0.132379	ieu-abj-genome-v1	prive2022-hg19	0.5	0.2	5000	0.06	EUR	reported-fallback	10283253	True	False	True
ieu-a-1200	/local-scratch/data/opengwas/igd/ieu-a-1200/ieu-a-1200.vcf.gz	Interleukin-10	7681	Unassigned	European	4945124	0.548653	AFR	0.473319	0.0789721	residual	0.473319	0	0.394347	0	0	0	0.132335	ieu-abj-genome-v1	prive2022-hg19	0.5	0.2	5000	0.06	EUR	reported-fallback	10293520	True	False	True
ieu-a-1201	/local-scratch/data/opengwas/igd/ieu-a-1201/ieu-a-1201.vcf.gz	Interleukin-12p70	8270	Unassigned	European	4945537	0.548684	AFR	0.473346	0.078871	residual	0.473346	0	0.394475	0	0	0	0.132179	ieu-abj-genome-v1	prive2022-hg19	0.5	0.2	5000	0.06	EUR	reported-fallback	10311918	True	False	True
ieu-a-1202	/local-scratch/data/opengwas/igd/ieu-a-1202/ieu-a-1202.vcf.gz	Interleukin-16	3483	Unassigned	European	4916725	0.547528	AFR	0.470822	0.0788921	residual	0.470822	0	0.39193	0	0	0	0.137248	ieu-abj-genome-v1	prive2022-hg19	0.5	0.2	5000	0.06	EUR	reported-fallback	9800258	True	False	True
ieu-a-1203	/local-scratch/data/opengwas/igd/ieu-a-1203/ieu-a-1203.vcf.gz	Interleukin-17	7760	Unassigned	European	4944920	0.548648	AFR	0.473216	0.0789255	residual	0.473216	0	0.39429	0	0	0	0.132494	ieu-abj-genome-v1	prive2022-hg19	0.5	0.2	5000	0.06	EUR	reported-fallback	10281481	True	False	True
ieu-a-1204	/local-scratch/data/opengwas/igd/ieu-a-1204/ieu-a-1204.vcf.gz	Interleukin-18	3636	Unassigned	European	4917097	0.547548	AFR	0.470846	0.078515	residual	0.470846	0	0.392331	0	0	0	0.136823	ieu-abj-genome-v1	prive2022-hg19	0.5	0.2	5000	0.06	EUR	reported-fallback	9816276	True	False	True
ieu-a-1205	/local-scratch/data/opengwas/igd/ieu-a-1205/ieu-a-1205.vcf.gz	Interleukin-1-beta	3309	Unassigned	European	4912292	0.547287	AFR	0.470506	0.0786844	residual	0.470506	0	0.391822	0	0	0	0.137672	ieu-abj-genome-v1	prive2022-hg19	0.5	0.2	5000	0.06	EUR	reported-fallback	9734647	True	False	True
ieu-a-1206	/local-scratch/data/opengwas/igd/ieu-a-1206/ieu-a-1206.vcf.gz	Interleukin-1 receptor antagonist	3638	Unassigned	European	4916114	0.547505	AFR	0.471027	0.0790839	residual	0.471027	0	0.391943	0	0	0	0.13703	ieu-abj-genome-v1	prive2022-hg19	0.5	0.2	5000	0.06	EUR	reported-fallback	9808843	True	False	True
ieu-a-1207	/local-scratch/data/opengwas/igd/ieu-a-1207/ieu-a-1207.vcf.gz	Interleukin-2	3475	Unassigned	European	4914850	0.547443	AFR	0.470938	0.0792718	residual	0.470938	0	0.391666	0	0	0	0.137396	ieu-abj-genome-v1	prive2022-hg19	0.5	0.2	5000	0.06	EUR	reported-fallback	9780755	True	False	True
ieu-a-1208	/local-scratch/data/opengwas/igd/ieu-a-1208/ieu-a-1208.vcf.gz	Interleukin-2 receptor, alpha subunit	3677	Unassigned	European	4916911	0.547523	AFR	0.471057	0.0788794	residual	0.471057	0	0.392178	0	0	0	0.136765	ieu-abj-genome-v1	prive2022-hg19	0.5	0.2	5000	0.06	EUR	reported-fallback	9818603	True	False	True
ieu-a-1209	/local-scratch/data/opengwas/igd/ieu-a-1209/ieu-a-1209.vcf.gz	Interleukin-4	8124	Unassigned	European	4944995	0.548661	AFR	0.473168	0.0786987	residual	0.473168	0	0.394469	0	0	0	0.132363	ieu-abj-genome-v1	prive2022-hg19	0.5	0.2	5000	0.06	EUR	reported-fallback	10288358	True	False	True
ieu-a-1210	/local-scratch/data/opengwas/igd/ieu-a-1210/ieu-a-1210.vcf.gz	Interleukin-5	3364	Unassigned	European	4910606	0.547218	AFR	0.470467	0.0788359	residual	0.470467	0	0.391631	0	0	0	0.137902	ieu-abj-genome-v1	prive2022-hg19	0.5	0.2	5000	0.06	EUR	reported-fallback	9732259	True	False	True
ieu-a-1211	/local-scratch/data/opengwas/igd/ieu-a-1211/ieu-a-1211.vcf.gz	Interleukin-6	8189	Unassigned	European	4945344	0.548675	AFR	0.47342	0.0789243	residual	0.47342	0	0.394496	0	0	0	0.132083	ieu-abj-genome-v1	prive2022-hg19	0.5	0.2	5000	0.06	EUR	reported-fallback	10299740	True	False	True
ieu-a-1212	/local-scratch/data/opengwas/igd/ieu-a-1212/ieu-a-1212.vcf.gz	Interleukin-7	3409	Unassigned	European	4915069	0.54743	AFR	0.470728	0.0786405	residual	0.470728	0	0.392087	0	0	0	0.137185	ieu-abj-genome-v1	prive2022-hg19	0.5	0.2	5000	0.06	EUR	reported-fallback	9772582	True	False	True
ieu-a-1213	/local-scratch/data/opengwas/igd/ieu-a-1213/ieu-a-1213.vcf.gz	Interleukin-8 (CXCL8)	3526	Unassigned	European	4913530	0.547389	AFR	0.470614	0.0788616	residual	0.470614	0	0.391753	0	0	0	0.137633	ieu-abj-genome-v1	prive2022-hg19	0.5	0.2	5000	0.06	EUR	reported-fallback	9774535	True	False	True
ieu-a-1214	/local-scratch/data/opengwas/igd/ieu-a-1214/ieu-a-1214.vcf.gz	Interleukin-9	3634	Unassigned	European	4916503	0.547516	AFR	0.470959	0.079033	residual	0.470959	0	0.391925	0	0	0	0.137116	ieu-abj-genome-v1	prive2022-hg19	0.5	0.2	5000	0.06	EUR	reported-fallback	9815072	True	False	True
ieu-a-1215	/local-scratch/data/opengwas/igd/ieu-a-1215/ieu-a-1215.vcf.gz	Interferon gamma-induced protein 10 (CXCL10)	3685	Unassigned	European	4915618	0.547486	AFR	0.471084	0.0790406	residual	0.471084	0	0.392044	0	0	0	0.136872	ieu-abj-genome-v1	prive2022-hg19	0.5	0.2	5000	0.06	EUR	reported-fallback	9809963	True	False	True
ieu-a-1216	/local-scratch/data/opengwas/igd/ieu-a-1216/ieu-a-1216.vcf.gz	Macrophage colony-stimulating factor	840	Unassigned	European	4906191	0.546664	AFR	0.470128	0.0789877	residual	0.470128	0	0.391141	0	0	0	0.138731	ieu-abj-genome-v1	prive2022-hg19	0.5	0.2	5000	0.06	EUR	reported-fallback	9559343	True	False	True
ieu-a-1217	/local-scratch/data/opengwas/igd/ieu-a-1217/ieu-a-1217.vcf.gz	Monokine induced by interferon-gamma (CXCL9)	3685	Unassigned	European	4916228	0.547517	AFR	0.471111	0.0788721	residual	0.471111	0	0.392239	0	0	0	0.136651	ieu-abj-genome-v1	prive2022-hg19	0.5	0.2	5000	0.06	EUR	reported-fallback	9814732	True	False	True
ieu-a-1218	/local-scratch/data/opengwas/igd/ieu-a-1218/ieu-a-1218.vcf.gz	Macrophage inflammatory protein-1<ce><b1> (CCL3)	3522	Unassigned	European	4913753	0.547387	AFR	0.470787	0.0789787	residual	0.470787	0	0.391808	0	0	0	0.137406	ieu-abj-genome-v1	prive2022-hg19	0.5	0.2	5000	0.06	EUR	reported-fallback	9779247	True	False	True
ieu-a-1219	/local-scratch/data/opengwas/igd/ieu-a-1219/ieu-a-1219.vcf.gz	Macrophage inflammatory protein-1<ce><b2> (CCL4)	8243	Unassigned	European	4945930	0.548697	AFR	0.473431	0.0789179	residual	0.473431	0	0.394513	0	0	0	0.132056	ieu-abj-genome-v1	prive2022-hg19	0.5	0.2	5000	0.06	EUR	reported-fallback	10313756	True	False	True
ieu-a-1220	/local-scratch/data/opengwas/igd/ieu-a-1220/ieu-a-1220.vcf.gz	Platelet derived growth factor BB	8293	Unassigned	European	4945506	0.548678	AFR	0.473389	0.078865	residual	0.473389	0	0.394524	0	0	0	0.132088	ieu-abj-genome-v1	prive2022-hg19	0.5	0.2	5000	0.06	EUR	reported-fallback	10311202	True	False	True
ieu-a-1221	/local-scratch/data/opengwas/igd/ieu-a-1221/ieu-a-1221.vcf.gz	Regulated on Activation, Normal T Cell Expressed and Secreted (CCL5)	3421	Unassigned	European	4915470	0.547472	AFR	0.471056	0.0790241	residual	0.471056	0	0.392032	0	0	0	0.136913	ieu-abj-genome-v1	prive2022-hg19	0.5	0.2	5000	0.06	EUR	reported-fallback	9784852	True	False	True
ieu-a-1222	/local-scratch/data/opengwas/igd/ieu-a-1222/ieu-a-1222.vcf.gz	Stem cell factor	8290	Unassigned	European	4946153	0.548711	AFR	0.473409	0.0787538	residual	0.473409	0	0.394655	0	0	0	0.131935	ieu-abj-genome-v1	prive2022-hg19	0.5	0.2	5000	0.06	EUR	reported-fallback	10318017	True	False	True
ieu-a-1223	/local-scratch/data/opengwas/igd/ieu-a-1223/ieu-a-1223.vcf.gz	Stem cell growth factor beta	3682	Unassigned	European	4916224	0.547504	AFR	0.471049	0.0789619	residual	0.471049	0	0.392088	0	0	0	0.136863	ieu-abj-genome-v1	prive2022-hg19	0.5	0.2	5000	0.06	EUR	reported-fallback	9814584	True	False	True
ieu-a-1224	/local-scratch/data/opengwas/igd/ieu-a-1224/ieu-a-1224.vcf.gz	Stromal cell-derived factor-1 alpha (CXCL12)	5998	Unassigned	European	4945113	0.548644	AFR	0.473202	0.0788816	residual	0.473202	0	0.394321	0	0	0	0.132477	ieu-abj-genome-v1	prive2022-hg19	0.5	0.2	5000	0.06	EUR	reported-fallback	10268870	True	False	True
ieu-a-1225	/local-scratch/data/opengwas/igd/ieu-a-1225/ieu-a-1225.vcf.gz	Tumor necrosis factor-beta	1559	Unassigned	European	4741587	0.532281	AFR	0.454851	0.0902188	residual	0.454851	0	0.364632	0	0	0	0.180517	ieu-abj-genome-v1	prive2022-hg19	0.5	0.2	5000	0.06	EUR	reported-fallback	7955998	True	False	True
ieu-a-1226	/local-scratch/data/opengwas/igd/ieu-a-1226/ieu-a-1226.vcf.gz	Vascular endothelial growth factor	7118	Unassigned	European	4945286	0.548641	AFR	0.473379	0.0792212	residual	0.473379	0	0.394158	0	0	0	0.132462	ieu-abj-genome-v1	prive2022-hg19	0.5	0.2	5000	0.06	EUR	reported-fallback	10279023	True	False	True
ieu-a-1227	/local-scratch/data/opengwas/igd/ieu-a-1227/ieu-a-1227.vcf.gz	Huntington's disease residual age at motor onset	4082	EUR	Mixed	4444948	0.0125945	EUR	0.982725	0.967733	ok	0	0	0	0.982725	0.0149922	0.00228305	0	ieu-abj-genome-v1	prive2022-hg19	0.5	0.2	5000	0.06	EUR	af-assigned	7154493	True	False	True
ieu-a-1228	/local-scratch/data/opengwas/igd/ieu-a-1228/ieu-a-1228.vcf.gz	High grade and low grade serous ovarian cancer	54990	EUR	European	5079632	0.00992847	EUR	0.986731	0.978989	ok	0.00101331	0.00356134	0.0009531	0.986731	0	0	0.00774138	ieu-abj-genome-v1	prive2022-hg19	0.5	0.2	5000	0.06	EUR	af-assigned	15561503	True	False	True
ieu-a-1229	/local-scratch/data/opengwas/igd/ieu-a-1229/ieu-a-1229.vcf.gz	Serous ovarian cancer: low grade and low malignant potential	43907	EUR	European	5079625	0.00994241	EUR	0.98673	0.978992	ok	0.0010167	0.00356293	0.000952191	0.98673	0	0	0.00773792	ieu-abj-genome-v1	prive2022-hg19	0.5	0.2	5000	0.06	EUR	af-assigned	15240073	True	False	True
ieu-a-1230	/local-scratch/data/opengwas/igd/ieu-a-1230/ieu-a-1230.vcf.gz	Serous ovarian cancer: low malignant potential	42895	EUR	European	5079616	0.00993818	EUR	0.986734	0.978998	ok	0.00101572	0.00356032	0.000953369	0.986734	0	0	0.00773641	ieu-abj-genome-v1	prive2022-hg19	0.5	0.2	5000	0.06	EUR	af-assigned	15122124	True	False	True
ieu-a-1231	/local-scratch/data/opengwas/igd/ieu-a-1231/ieu-a-1231.vcf.gz	Mucinous ovarian cancer: invasive and low malignant potential	43507	EUR	European	5079634	0.00992854	EUR	0.986731	0.978989	ok	0.00101315	0.00356179	0.000952864	0.986731	0	0	0.00774159	ieu-abj-genome-v1	prive2022-hg19	0.5	0.2	5000	0.06	EUR	af-assigned	15474559	True	False	True
ieu-a-1232	/local-scratch/data/opengwas/igd/ieu-a-1232/ieu-a-1232.vcf.gz	Low malignant potential mucinous ovarian cancer	42090	EUR	European	5079606	0.00992679	EUR	0.986732	0.978994	ok	0.00101551	0.00355985	0.000953839	0.986732	0	0	0.00773852	ieu-abj-genome-v1	prive2022-hg19	0.5	0.2	5000	0.06	EUR	af-assigned	15223150	True	False	True
ieu-a-1233	/local-scratch/data/opengwas/igd/ieu-a-1233/ieu-a-1233.vcf.gz	Low malignant potential ovarian cancer	47147	EUR	European	5079618	0.00993105	EUR	0.986735	0.979002	ok	0.00101661	0.00356001	0.000954619	0.986735	0	0	0.00773331	ieu-abj-genome-v1	prive2022-hg19	0.5	0.2	5000	0.06	EUR	af-assigned	15260389	True	False	True
ieu-a-1234	/local-scratch/data/opengwas/igd/ieu-a-1234/ieu-a-1234.vcf.gz	Ovarian cancer (survival)	0	EUR	European	5079450	0.00992064	EUR	0.986744	0.979016	ok	0.0010135	0.00356038	0.000953241	0.986744	0	0	0.00772846	ieu-abj-genome-v1	prive2022-hg19	0.5	0.2	5000	0.06	EUR	af-assigned	15069211	True	False	True
ieu-a-1235	/local-scratch/data/opengwas/igd/ieu-a-1235/ieu-a-1235.vcf.gz	High grade and low grade serous ovarian cancer (survival)	0	EUR	European	5079455	0.009911	EUR	0.986743	0.979013	ok	0.001013	0.0035614	0.000952335	0.986743	0	0	0.0077299	ieu-abj-genome-v1	prive2022-hg19	0.5	0.2	5000	0.06	EUR	af-assigned	14872291	True	False	True
ieu-a-1236	/local-scratch/data/opengwas/igd/ieu-a-1236/ieu-a-1236.vcf.gz	High grade serous ovarian cancer (survival)	0	EUR	European	5079456	0.00991103	EUR	0.986743	0.979013	ok	0.00101301	0.0035614	0.000952284	0.986743	0	0	0.00772997	ieu-abj-genome-v1	prive2022-hg19	0.5	0.2	5000	0.06	EUR	af-assigned	14836078	True	False	True
ieu-a-1237	/local-scratch/data/opengwas/igd/ieu-a-1237/ieu-a-1237.vcf.gz	Ovarian cancer (survival histology)	0	EUR	European	5079450	0.00992064	EUR	0.986744	0.979016	ok	0.0010135	0.00356038	0.000953241	0.986744	0	0	0.00772846	ieu-abj-genome-v1	prive2022-hg19	0.5	0.2	5000	0.06	EUR	af-assigned	15067624	True	False	True
ieu-a-1238	/local-scratch/data/opengwas/igd/ieu-a-1238/ieu-a-1238.vcf.gz	Prostate cancer (advanced)	73475	EUR	European	5083935	0.00762737	EUR	0.968464	0.95557	ok	0.00326292	0.00740271	0.00552853	0.968464	0.00244728	0	0.0128945	ieu-abj-genome-v1	prive2022-hg19	0.5	0.2	5000	0.06	EUR	af-assigned	15846423	True	False	True
ieu-a-1239	/local-scratch/data/opengwas/igd/ieu-a-1239/ieu-a-1239.vcf.gz	Years of schooling	766345	EUR	European	4462086	0.017234	EUR	0.998335	0.99667	ok	0	0	0	0.998335	0	0.00166485	0	ieu-abj-genome-v1	prive2022-hg19	0.5	0.2	5000	0.06	EUR	af-assigned	10054403	True	False	True
ieu-a-1240	/local-scratch/data/opengwas/igd/ieu-a-1240/ieu-a-1240.vcf.gz	Prostate cancer (early-onset)	51244	EUR	European	5083793	0.00792398	EUR	0.967539	0.953378	ok	0.003047	0.007787	0.00595354	0.967539	0.00151134	0	0.0141617	ieu-abj-genome-v1	prive2022-hg19	0.5	0.2	5000	0.06	EUR	af-assigned	15683032	True	False	True
ieu-a-1241	/local-scratch/data/opengwas/igd/ieu-a-1241/ieu-a-1241.vcf.gz	Prostate cancer (advanced vs non-advanced)	76581	EUR	European	5083744	0.00775066	EUR	0.969894	0.956671	ok	0.00345978	0.00747075	0.00490536	0.969894	0.00104699	0	0.0132232	ieu-abj-genome-v1	prive2022-hg19	0.5	0.2	5000	0.06	EUR	af-assigned	15787125	True	False	True
ieu-a-1242	/local-scratch/data/opengwas/igd/ieu-a-1242/ieu-a-1242.vcf.gz	Prostate cancer Gleason score	61978	EUR	European	5083947	0.00763302	EUR	0.974947	0.964306	ok	0.00274615	0.00652517	0.00365469	0.974947	0.0014858	0	0.010641	ieu-abj-genome-v1	prive2022-hg19	0.5	0.2	5000	0.06	EUR	af-assigned	15749328	True	False	True
ieu-a-1243	/local-scratch/data/opengwas/igd/ieu-a-1243/ieu-a-1243.vcf.gz	Prostate cancer (high aggressive vs low aggressive)	25300	EUR	European	5083930	0.00804631	EUR	0.97283	0.960363	ok	0.00281301	0.00760364	0.00413057	0.97283	0.000155759	0	0.0124669	ieu-abj-genome-v1	prive2022-hg19	0.5	0.2	5000	0.06	EUR	af-assigned	15506393	True	False	True
ieu-a-1244	/local-scratch/data/opengwas/igd/ieu-a-1244/ieu-a-1244.vcf.gz	Prostate cancer (high aggressive vs low/intermediate aggressive)	58751	EUR	European	5083940	0.00793231	EUR	0.96998	0.956719	ok	0.00356185	0.0076258	0.00499618	0.96998	0.000576123	0	0.0132604	ieu-abj-genome-v1	prive2022-hg19	0.5	0.2	5000	0.06	EUR	af-assigned	15726725	True	False	True
ieu-a-1246	/local-scratch/data/opengwas/igd/ieu-a-1246/ieu-a-1246.vcf.gz	Plasma sclerostin	10584	EUR	European	3362499	0.00698335	EUR	1	1	ok	0	0	0	1	0	0	0	ieu-abj-genome-v1	prive2022-hg19	0.5	0.2	5000	0.06	EUR	af-assigned	5212645	True	False	True
ieu-a-1283	/local-scratch/data/opengwas/igd/ieu-a-1283/ieu-a-1283.vcf.gz	Alcohol consumption	112117	EUR	European	4857044	0.00674173	EUR	1	1	ok	0	0	0	1	0	0	0	ieu-abj-genome-v1	prive2022-hg19	0.5	0.2	5000	0.06	EUR	af-assigned	12145990	True	False	True
ieu-a-1284	/local-scratch/data/opengwas/igd/ieu-a-1284/ieu-a-1284.vcf.gz	Estimated glomerular filtration rate (eGFR)	143658	EAS	East Asian	4169192	0.0178039	EAS	0.994274	0.991482	ok	0.000774943	0.00215887	0.994274	0	0	0	0.00279219	ieu-abj-genome-v1	prive2022-hg19	0.5	0.2	5000	0.06	EAS	af-assigned	5873093	True	False	True
ieu-a-1285	/local-scratch/data/opengwas/igd/ieu-a-1285/ieu-a-1285.vcf.gz	Serum creatinine	142097	EAS	East Asian	4169192	0.0178039	EAS	0.994274	0.991482	ok	0.000774943	0.00215887	0.994274	0	0	0	0.00279219	ieu-abj-genome-v1	prive2022-hg19	0.5	0.2	5000	0.06	EAS	af-assigned	5873093	True	False	True
ieu-a-1286	/local-scratch/data/opengwas/igd/ieu-a-1286/ieu-a-1286.vcf.gz	Blood urea nitrogen	139818	EAS	East Asian	4169192	0.0178039	EAS	0.994274	0.991482	ok	0.000774943	0.00215887	0.994274	0	0	0	0.00279219	ieu-abj-genome-v1	prive2022-hg19	0.5	0.2	5000	0.06	EAS	af-assigned	5873093	True	False	True
ieu-a-1287	/local-scratch/data/opengwas/igd/ieu-a-1287/ieu-a-1287.vcf.gz	Interleukin-6	4621	Unassigned	European (Sardinian)	0	nan		0	0	overlap	0	0	0	0	0	0	0	ieu-abj-genome-v1	prive2022-hg19	0.5	0.2	5000	0.06	EUR	reported-fallback	2350940	True	False	True
ieu-b-1	/local-scratch/data/opengwas/igd/ieu-b-1/ieu-b-1.vcf.gz	 Amyotrophic lateral sclerosis	139452	EUR	European	3894945	0.00503287	EUR	0.985793	0.973096	ok	0.00119525	0.000315072	0	0.985793	0.0126969	0	0	ieu-abj-genome-v1	prive2022-hg19	0.5	0.2	5000	0.06	EUR	af-assigned	11611770	True	False	True
ieu-b-2	/local-scratch/data/opengwas/igd/ieu-b-2/ieu-b-2.vcf.gz	Alzheimer's disease	63926	Unassigned	European	0	nan		0	0	overlap	0	0	0	0	0	0	0	ieu-abj-genome-v1	prive2022-hg19	0.5	0.2	5000	0.06	EUR	reported-fallback	10528610	True	False	True
ieu-b-5	/local-scratch/data/opengwas/igd/ieu-b-5/ieu-b-5.vcf.gz	multiple sclerosis	115803	Unassigned	European	0	nan		0	0	overlap	0	0	0	0	0	0	0	ieu-abj-genome-v1	prive2022-hg19	0.5	0.2	5000	0.06	EUR	reported-fallback	6303724	True	False	True
ieu-b-7	/local-scratch/data/opengwas/igd/ieu-b-7/ieu-b-7.vcf.gz	Parkinson's disease	482730	EUR	European	4519178	0.00647089	EUR	0.997177	0.994954	ok	0	0.00222325	0.000599593	0.997177	0	0	0	ieu-abj-genome-v1	prive2022-hg19	0.5	0.2	5000	0.06	EUR	af-assigned	17891936	True	False	True
ieu-b-8	/local-scratch/data/opengwas/igd/ieu-b-8/ieu-b-8.vcf.gz	epilepsy, all documented cases	44889	EUR	Mixed	3343125	0.00621432	EUR	0.945706	0.91116	ok	0.00867231	0.00294662	0.0345461	0.945706	0.00812865	0	0	ieu-abj-genome-v1	prive2022-hg19	0.5	0.2	5000	0.06	EUR	af-assigned	4880492	True	False	True
ieu-b-9	/local-scratch/data/opengwas/igd/ieu-b-9/ieu-b-9.vcf.gz	generalized epilepsy, all documented cases	33446	EUR	Mixed	3334780	0.00515258	EUR	0.982137	0.971617	ok	0.0105205	0.00115662	0	0.982137	0.00618567	0	0	ieu-abj-genome-v1	prive2022-hg19	0.5	0.2	5000	0.06	EUR	af-assigned	4867068	True	False	True
ieu-b-10	/local-scratch/data/opengwas/igd/ieu-b-10/ieu-b-10.vcf.gz	focal epilepsy, all documented cases	39348	EUR	Mixed	3333902	0.00679586	EUR	0.937325	0.893031	ok	0.00717077	0.00301975	0.0442937	0.937325	0.0081912	0	0	ieu-abj-genome-v1	prive2022-hg19	0.5	0.2	5000	0.06	EUR	af-assigned	4862782	True	False	True
ieu-b-11	/local-scratch/data/opengwas/igd/ieu-b-11/ieu-b-11.vcf.gz	focal epilepsy, documented lesion negative	32393	EUR	Mixed	3418925	0.00478114	EUR	0.992468	0.985865	ok	0	0.000927794	0	0.992468	0.00660385	0	0	ieu-abj-genome-v1	prive2022-hg19	0.5	0.2	5000	0.06	EUR	af-assigned	4988872	True	False	True
ieu-b-12	/local-scratch/data/opengwas/igd/ieu-b-12/ieu-b-12.vcf.gz	juvenile absence epilepsy	30092	EUR	Mixed	3418478	0.00483695	EUR	0.992839	0.98678	ok	0	0.00110119	0	0.992839	0.00605964	0	0	ieu-abj-genome-v1	prive2022-hg19	0.5	0.2	5000	0.06	EUR	af-assigned	4986340	True	False	True
ieu-b-13	/local-scratch/data/opengwas/igd/ieu-b-13/ieu-b-13.vcf.gz	childhood absence epilepsy	30470	EUR	Mixed	3413756	0.00484654	EUR	0.992906	0.986872	ok	0	0.00106024	0	0.992906	0.00603374	0	0	ieu-abj-genome-v1	prive2022-hg19	0.5	0.2	5000	0.06	EUR	af-assigned	4979765	True	False	True
ieu-b-14	/local-scratch/data/opengwas/igd/ieu-b-14/ieu-b-14.vcf.gz	focal epilepsy, documented hippocampal sclerosis	30480	EUR	Mixed	3397188	0.00480145	EUR	0.991623	0.985478	ok	0.000286536	0.00194647	0	0.991623	0.00614426	0	0	ieu-abj-genome-v1	prive2022-hg19	0.5	0.2	5000	0.06	EUR	af-assigned	4948714	True	False	True
ieu-b-15	/local-scratch/data/opengwas/igd/ieu-b-15/ieu-b-15.vcf.gz	focal epilepsy, documented lesion other than hippocampal sclerosis	32747	EUR	Mixed	3417985	0.00477621	EUR	0.992609	0.986172	ok	0	0.000952817	0	0.992609	0.00643775	0	0	ieu-abj-genome-v1	prive2022-hg19	0.5	0.2	5000	0.06	EUR	af-assigned	4987264	True	False	True
ieu-b-16	/local-scratch/data/opengwas/igd/ieu-b-16/ieu-b-16.vcf.gz	generalized epilepsy with tonic-clonic seizures	29905	EUR	Mixed	3419652	0.00483065	EUR	0.992786	0.986698	ok	0	0.00112709	0	0.992786	0.00608732	0	0	ieu-abj-genome-v1	prive2022-hg19	0.5	0.2	5000	0.06	EUR	af-assigned	4988035	True	False	True
ieu-b-17	/local-scratch/data/opengwas/igd/ieu-b-17/ieu-b-17.vcf.gz	juvenile myoclonic epilepsy 	30858	EUR	Mixed	3416162	0.0048337	EUR	0.99282	0.98671	ok	0	0.00106877	0	0.99282	0.00611076	0	0	ieu-abj-genome-v1	prive2022-hg19	0.5	0.2	5000	0.06	EUR	af-assigned	4983225	True	False	True
ieu-b-18	/local-scratch/data/opengwas/igd/ieu-b-18/ieu-b-18.vcf.gz	multiple sclerosis	115803	Unassigned	European	0	nan		0	0	overlap	0	0	0	0	0	0	0	ieu-abj-genome-v1	prive2022-hg19	0.5	0.2	5000	0.06	EUR	reported-fallback	6304358	True	False	True
ieu-b-21	/local-scratch/data/opengwas/igd/ieu-b-21/ieu-b-21.vcf.gz	Parkinson’s disease	1474097	EUR	European	3839989	0.0141794	EUR	0.994403	0.992015	ok	0.000928915	0.00238763	0.000603974	0.994403	0.00167686	0	0	ieu-abj-genome-v1	prive2022-hg19	0.5	0.2	5000	0.06	EUR	af-assigned	15525316	True	False	True
ieu-b-23	/local-scratch/data/opengwas/igd/ieu-b-23/ieu-b-23.vcf.gz	Alzheimer’s disease	408942	EUR	European	4793484	0.00470793	EUR	1	1	ok	0	0	0	1	0	0	0	ieu-abj-genome-v1	prive2022-hg19	0.5	0.2	5000	0.06	EUR	af-assigned	10029458	True	False	True
ieu-b-24	/local-scratch/data/opengwas/igd/ieu-b-24/ieu-b-24.vcf.gz	Age Of Smoking Initiation	341427	EUR	European	4519671	0.00630574	EUR	0.934476	0.913608	ok	0.0208685	0.0112245	0.0179029	0.934476	0	0.00432149	0.0112064	ieu-abj-genome-v1	prive2022-hg19	0.5	0.2	5000	0.06	EUR	af-assigned	11894777	True	False	True
ieu-b-25	/local-scratch/data/opengwas/igd/ieu-b-25/ieu-b-25.vcf.gz	Cigarettes per Day	337334	EUR	European	4519695	0.00630573	EUR	0.934476	0.913608	ok	0.0208685	0.0112245	0.0179028	0.934476	0	0.00432159	0.0112065	ieu-abj-genome-v1	prive2022-hg19	0.5	0.2	5000	0.06	EUR	af-assigned	11913711	True	False	True
ieu-b-26	/local-scratch/data/opengwas/igd/ieu-b-26/ieu-b-26.vcf.gz	Amyotrophic Lateral Sclerosis	143562	Unassigned	Mixed	0	nan		0	0	overlap	0	0	0	0	0	0	0	ieu-abj-genome-v1	prive2022-hg19	0.5	0.2	5000	0.06			10461755	True	False	False
ieu-b-27	/local-scratch/data/opengwas/igd/ieu-b-27/ieu-b-27.vcf.gz	Amyotrophic Lateral Sclerosis	139478	EUR	European	4395499	0.00483164	EUR	0.985679	0.972036	ok	0.000602385	7.52887e-05	0	0.985679	0.0136431	0	0	ieu-abj-genome-v1	prive2022-hg19	0.5	0.2	5000	0.06	EUR	af-assigned	10461755	True	False	True
ieu-b-28	/local-scratch/data/opengwas/igd/ieu-b-28/ieu-b-28.vcf.gz	Stroke	521612	EUR	Mixed	4396452	0.00703013	EUR	0.990847	0.987425	ok	0.0017957	0.00285496	0.00108011	0.990847	0.00342214	0	0	ieu-abj-genome-v1	prive2022-hg19	0.5	0.2	5000	0.06	EUR	af-assigned	7595532	True	False	True
ieu-b-29	/local-scratch/data/opengwas/igd/ieu-b-29/ieu-b-29.vcf.gz	basophil cell count	563946	EUR	European	4533134	0.00452675	EUR	0.9984	0.997096	ok	0	0.000296781	0	0.9984	0	0	0.00130369	ieu-abj-genome-v1	prive2022-hg19	0.5	0.2	5000	0.06	EUR	af-assigned	26797883	True	False	True
ieu-b-30	/local-scratch/data/opengwas/igd/ieu-b-30/ieu-b-30.vcf.gz	white blood cell count	563946	EUR	European	4533095	0.00442365	EUR	0.996332	0.99431	ok	0.000476579	0.00116922	0	0.996332	0	0	0.00202225	ieu-abj-genome-v1	prive2022-hg19	0.5	0.2	5000	0.06	EUR	af-assigned	27090906	True	False	True
ieu-b-31	/local-scratch/data/opengwas/igd/ieu-b-31/ieu-b-31.vcf.gz	monocyte cell count	563946	EUR	European	4533136	0.00447928	EUR	0.996713	0.994781	ok	0.000357802	0.00099694	0	0.996713	0	0	0.00193227	ieu-abj-genome-v1	prive2022-hg19	0.5	0.2	5000	0.06	EUR	af-assigned	26946895	True	False	True
ieu-b-32	/local-scratch/data/opengwas/igd/ieu-b-32/ieu-b-32.vcf.gz	lymphocyte cell count	563946	EUR	European	4533136	0.00447924	EUR	0.996749	0.994836	ok	0.000348925	0.000988654	0	0.996749	0	0	0.0019134	ieu-abj-genome-v1	prive2022-hg19	0.5	0.2	5000	0.06	EUR	af-assigned	26949819	True	False	True
ieu-b-33	/local-scratch/data/opengwas/igd/ieu-b-33/ieu-b-33.vcf.gz	eosinophil cell count	563946	EUR	European	4533132	0.00453387	EUR	0.998416	0.997132	ok	0	0.000299269	0	0.998416	0	0	0.00128435	ieu-abj-genome-v1	prive2022-hg19	0.5	0.2	5000	0.06	EUR	af-assigned	26776111	True	False	True
ieu-b-34	/local-scratch/data/opengwas/igd/ieu-b-34/ieu-b-34.vcf.gz	neutrophil cell count	563946	EUR	European	4533136	0.00446891	EUR	0.996676	0.994741	ok	0.00035268	0.00103609	0	0.996676	0	0	0.00193503	ieu-abj-genome-v1	prive2022-hg19	0.5	0.2	5000	0.06	EUR	af-assigned	26935743	True	False	True
ieu-b-35	/local-scratch/data/opengwas/igd/ieu-b-35/ieu-b-35.vcf.gz	C-Reactive protein level	204402	EUR	European	1769670	0.013563	EUR	0.968852	0.940447	ok	0	0	0.000829514	0.968852	0.00191356	0	0.0284051	ieu-abj-genome-v1	prive2022-hg19	0.5	0.2	5000	0.06	EUR	af-assigned	2414067	True	False	True
ieu-b-36	/local-scratch/data/opengwas/igd/ieu-b-36/ieu-b-36.vcf.gz	Days per week moderate activity	343943	EUR	European	4509336	0.00472181	EUR	1	1	ok	0	0	0	1	0	0	0	ieu-abj-genome-v1	prive2022-hg19	0.5	0.2	5000	0.06	EUR	af-assigned	11112139	True	False	True
ieu-b-37	/local-scratch/data/opengwas/igd/ieu-b-37/ieu-b-37.vcf.gz	Days per week vigorous activity	344084	EUR	European	4509335	0.00472399	EUR	1	1	ok	0	0	0	1	0	0	0	ieu-abj-genome-v1	prive2022-hg19	0.5	0.2	5000	0.06	EUR	af-assigned	11112121	True	False	True
ieu-b-38	/local-scratch/data/opengwas/igd/ieu-b-38/ieu-b-38.vcf.gz	systolic blood pressure	757601	EUR	European	4351281	0.00479076	EUR	0.996518	0.994866	ok	0.000735194	0.00165229	0.000756795	0.996518	0	0	0.000337236	ieu-abj-genome-v1	prive2022-hg19	0.5	0.2	5000	0.06	EUR	af-assigned	7088083	True	False	True
ieu-b-39	/local-scratch/data/opengwas/igd/ieu-b-39/ieu-b-39.vcf.gz	diastolic blood pressure	757601	EUR	European	4363489	0.00472241	EUR	0.996657	0.995098	ok	0.000645565	0.00155951	0.000654077	0.996657	0	0	0.000483602	ieu-abj-genome-v1	prive2022-hg19	0.5	0.2	5000	0.06	EUR	af-assigned	7160619	True	False	True
ieu-b-40	/local-scratch/data/opengwas/igd/ieu-b-40/ieu-b-40.vcf.gz	body mass index	681275	EUR	European	1717712	0.00633396	EUR	0.999952	0.999905	ok	4.77345e-05	0	0	0.999952	0	0	0	ieu-abj-genome-v1	prive2022-hg19	0.5	0.2	5000	0.06	EUR	af-assigned	2336260	True	False	True
ieu-b-41	/local-scratch/data/opengwas/igd/ieu-b-41/ieu-b-41.vcf.gz	bipolar disorder	51710	EUR	European	4816173	0.0203794	EUR	0.989449	0.984876	ok	0.00258218	0.00457305	0.00291723	0.989449	0.00022538	0	0.000253279	ieu-abj-genome-v1	prive2022-hg19	0.5	0.2	5000	0.06	EUR	af-assigned	12382417	True	False	True
ieu-b-42	/local-scratch/data/opengwas/igd/ieu-b-42/ieu-b-42.vcf.gz	schizophrenia	77096	EUR	European	4816436	0.0247706	EUR	0.983707	0.967436	ok	0	0	0	0.983707	0.0162715	2.10476e-05	0	ieu-abj-genome-v1	prive2022-hg19	0.5	0.2	5000	0.06	EUR	af-assigned	14237637	True	False	True
ieu-b-43	/local-scratch/data/opengwas/igd/ieu-b-43/ieu-b-43.vcf.gz	frontotemporal dementia (TDP subtype)	3024	EUR	European	355217	0.00732199	EUR	1	1	ok	0	0	0	1	0	0	0	ieu-abj-genome-v1	prive2022-hg19	0.5	0.2	5000	0.06	EUR	af-assigned	399503	True	True	False
ieu-b-44	/local-scratch/data/opengwas/igd/ieu-b-44/ieu-b-44.vcf.gz	Fresh fruit intake	223014	EUR	European	5803220	0.00457557	EUR	0.998665	0.997626	ok	0	0.000296526	0	0.998665	0	0	0.00103861	ieu-abj-genome-v1	prive2022-hg19	0.5	0.2	5000	0.06	EUR	af-assigned	12321875	True	False	True
ieu-b-45	/local-scratch/data/opengwas/igd/ieu-b-45/ieu-b-45.vcf.gz	Fresh fruit intake	222722	EUR	European	5803220	0.00457113	EUR	0.998553	0.997454	ok	0	0.000349108	0	0.998553	0	0	0.00109835	ieu-abj-genome-v1	prive2022-hg19	0.5	0.2	5000	0.06	EUR	af-assigned	12321875	True	False	True
ieu-b-46	/local-scratch/data/opengwas/igd/ieu-b-46/ieu-b-46.vcf.gz	Urinary sodium-potassium ratio	223014	EUR	European	5803220	0.00457557	EUR	0.998665	0.997626	ok	0	0.000296526	0	0.998665	0	0	0.00103861	ieu-abj-genome-v1	prive2022-hg19	0.5	0.2	5000	0.06	EUR	af-assigned	12321875	True	False	True
ieu-b-47	/local-scratch/data/opengwas/igd/ieu-b-47/ieu-b-47.vcf.gz	Urinary sodium-potassium ratio	223014	EUR	European	5803220	0.00457557	EUR	0.998665	0.997626	ok	0	0.000296526	0	0.998665	0	0	0.00103861	ieu-abj-genome-v1	prive2022-hg19	0.5	0.2	5000	0.06	EUR	af-assigned	12321875	True	False	True
ieu-b-69	/local-scratch/data/opengwas/igd/ieu-b-69/ieu-b-69.vcf.gz	sepsis	462918	EUR	European	5803220	0.00455097	EUR	0.998547	0.997428	ok	0	0.000334989	0	0.998547	0	0	0.00111848	ieu-abj-genome-v1	prive2022-hg19	0.5	0.2	5000	0.06	EUR	af-assigned	12321875	True	False	True
ieu-b-70	/local-scratch/data/opengwas/igd/ieu-b-70/ieu-b-70.vcf.gz	Breast cancer	0	EAS	East Asian	5227968	0.0163472	EAS	0.987886	0.982162	ok	0.00271215	0.00367853	0.987886	0	0	0	0.00572362	ieu-abj-genome-v1	prive2022-hg19	0.5	0.2	5000	0.06	EAS	af-assigned	8872152	True	False	True
ieu-b-71	/local-scratch/data/opengwas/igd/ieu-b-71/ieu-b-71.vcf.gz	Breast cancer	0	EAS	East Asian	5227968	0.0163472	EAS	0.987886	0.982162	ok	0.00271215	0.00367853	0.987886	0	0	0	0.00572362	ieu-abj-genome-v1	prive2022-hg19	0.5	0.2	5000	0.06	EAS	af-assigned	8872152	True	False	True
ieu-b-72	/local-scratch/data/opengwas/igd/ieu-b-72/ieu-b-72.vcf.gz	Urinary sodium-potassium ratio	326938	EUR	European	5709102	0.00488945	EUR	1	1	ok	0	0	0	1	0	0	0	ieu-abj-genome-v1	prive2022-hg19	0.5	0.2	5000	0.06	EUR	af-assigned	19420026	True	False	True
ieu-b-73	/local-scratch/data/opengwas/igd/ieu-b-73/ieu-b-73.vcf.gz	Alcoholic drinks per week	335394	EUR	European	4513285	0.00629967	EUR	0.934486	0.913625	ok	0.0208609	0.0111907	0.0179143	0.934486	0	0.0043392	0.0112086	ieu-abj-genome-v1	prive2022-hg19	0.5	0.2	5000	0.06	EUR	af-assigned	11887400	True	False	True
ieu-b-85	/local-scratch/data/opengwas/igd/ieu-b-85/ieu-b-85.vcf.gz	Prostate cancer	0	EUR	European	5813109	0.00819053	EUR	0.969013	0.955918	ok	0.00293725	0.00724168	0.00488896	0.969013	0.00282366	0	0.0130953	ieu-abj-genome-v1	prive2022-hg19	0.5	0.2	5000	0.06	EUR	af-assigned	20345125	True	False	True
ieu-b-86	/local-scratch/data/opengwas/igd/ieu-b-86/ieu-b-86.vcf.gz	Oral cavity and pharyngeal cancer	5425	EUR	European	4311289	0.00813855	EUR	0.974501	0.949002	ok	0	0	0	0.974501	0.025499	0	0	ieu-abj-genome-v1	prive2022-hg19	0.5	0.2	5000	0.06	EUR	af-assigned	7296579	True	False	True
ieu-b-87	/local-scratch/data/opengwas/igd/ieu-b-87/ieu-b-87.vcf.gz	Oral cavity and pharyngeal cancer	4671	EUR	European	4314268	0.00761118	EUR	0.98382	0.969932	ok	6.42389e-05	0.00222736	0	0.98382	0.0138883	0	0	ieu-abj-genome-v1	prive2022-hg19	0.5	0.2	5000	0.06	EUR	af-assigned	7298218	True	False	True
ieu-b-88	/local-scratch/data/opengwas/igd/ieu-b-88/ieu-b-88.vcf.gz	Oral cavity and pharyngeal cancer	1340	EUR	Hispanic or Latin American	4311277	0.013664	EUR	0.751147	0.621478	ok	0.0529827	0.12967	0.00151086	0.751147	0	0.0646893	0	ieu-abj-genome-v1	prive2022-hg19	0.5	0.2	5000	0.06	EUR	af-assigned	7296720	True	False	True
ieu-b-89	/local-scratch/data/opengwas/igd/ieu-b-89/ieu-b-89.vcf.gz	Oral cavity and pharyngeal cancer	5425	EUR	European	4311289	0.00813855	EUR	0.974501	0.949002	ok	0	0	0	0.974501	0.025499	0	0	ieu-abj-genome-v1	prive2022-hg19	0.5	0.2	5000	0.06	EUR	af-assigned	7296579	True	False	True
ieu-b-90	/local-scratch/data/opengwas/igd/ieu-b-90/ieu-b-90.vcf.gz	Oral cavity and pharyngeal cancer	4671	EUR	European	4314268	0.00761118	EUR	0.98382	0.969932	ok	6.42389e-05	0.00222736	0	0.98382	0.0138883	0	0	ieu-abj-genome-v1	prive2022-hg19	0.5	0.2	5000	0.06	EUR	af-assigned	7298218	True	False	True
ieu-b-91	/local-scratch/data/opengwas/igd/ieu-b-91/ieu-b-91.vcf.gz	Oral cavity and pharyngeal cancer	1340	EUR	Hispanic or Latin American	4311277	0.013664	EUR	0.751147	0.621478	ok	0.0529827	0.12967	0.00151086	0.751147	0	0.0646893	0	ieu-abj-genome-v1	prive2022-hg19	0.5	0.2	5000	0.06	EUR	af-assigned	7296720	True	False	True
ieu-b-93	/local-scratch/data/opengwas/igd/ieu-b-93/ieu-b-93.vcf.gz	Oral cavity cancer	3464	EUR	European	4314275	0.0075528	EUR	0.98382	0.969936	ok	6.24586e-05	0.00223289	0	0.98382	0.0138845	0	0	ieu-abj-genome-v1	prive2022-hg19	0.5	0.2	5000	0.06	EUR	af-assigned	7296057	True	False	True
ieu-b-94	/local-scratch/data/opengwas/igd/ieu-b-94/ieu-b-94.vcf.gz	Oral cavity cancer	4151	EUR	European	4311296	0.0080567	EUR	0.974488	0.948976	ok	0	0	0	0.974488	0.025512	0	0	ieu-abj-genome-v1	prive2022-hg19	0.5	0.2	5000	0.06	EUR	af-assigned	7294750	True	False	True
ieu-b-95	/local-scratch/data/opengwas/igd/ieu-b-95/ieu-b-95.vcf.gz	Oral cavity cancer	1067	EUR	Hispanic or Latin American	4311280	0.0136361	EUR	0.751131	0.621459	ok	0.0529786	0.129672	0.00151422	0.751131	0	0.064705	0	ieu-abj-genome-v1	prive2022-hg19	0.5	0.2	5000	0.06	EUR	af-assigned	7294922	True	False	True
ieu-b-96	/local-scratch/data/opengwas/igd/ieu-b-96/ieu-b-96.vcf.gz	Oropharyngeal cancer	4018	EUR	European	4311290	0.00808847	EUR	0.974499	0.948998	ok	0	0	0	0.974499	0.0255011	0	0	ieu-abj-genome-v1	prive2022-hg19	0.5	0.2	5000	0.06	EUR	af-assigned	7293502	True	False	True
ieu-b-97	/local-scratch/data/opengwas/igd/ieu-b-97/ieu-b-97.vcf.gz	Oropharyngeal cancer	3448	EUR	European	4314273	0.00751649	EUR	0.983834	0.969964	ok	6.30765e-05	0.00223253	0	0.983834	0.0138704	0	0	ieu-abj-genome-v1	prive2022-hg19	0.5	0.2	5000	0.06	EUR	af-assigned	7296260	True	False	True
ieu-b-98	/local-scratch/data/opengwas/igd/ieu-b-98/ieu-b-98.vcf.gz	Oropharyngeal cancer	932	EUR	Hispanic or Latin American	4311253	0.0136405	EUR	0.751135	0.621463	ok	0.0529786	0.129672	0.00151183	0.751135	0	0.0647026	0	ieu-abj-genome-v1	prive2022-hg19	0.5	0.2	5000	0.06	EUR	af-assigned	7292112	True	False	True
ieu-b-102	/local-scratch/data/opengwas/igd/ieu-b-102/ieu-b-102.vcf.gz	Major depression	0	EUR	European	4565348	0.00535764	EUR	0.997648	0.996406	ok	7.61989e-05	0.00103411	0	0.997648	0	0	0.00124173	ieu-abj-genome-v1	prive2022-hg19	0.5	0.2	5000	0.06	EUR	af-assigned	8481297	True	False	True
ieu-b-103	/local-scratch/data/opengwas/igd/ieu-b-103/ieu-b-103.vcf.gz	HbA1C	46368	Unassigned	European	0	nan		0	0	overlap	0	0	0	0	0	0	0	ieu-abj-genome-v1	prive2022-hg19	0.5	0.2	5000	0.06	EUR	reported-fallback	2529804	True	False	True
ieu-b-104	/local-scratch/data/opengwas/igd/ieu-b-104/ieu-b-104.vcf.gz	HbA1C	46368	Unassigned	European	0	nan		0	0	overlap	0	0	0	0	0	0	0	ieu-abj-genome-v1	prive2022-hg19	0.5	0.2	5000	0.06	EUR	reported-fallback	2529804	True	False	True
ieu-b-105	/local-scratch/data/opengwas/igd/ieu-b-105/ieu-b-105.vcf.gz	FVC	353315	EUR	European	5803220	0.00459952	EUR	1	1	ok	0	0	0	1	0	0	0	ieu-abj-genome-v1	prive2022-hg19	0.5	0.2	5000	0.06	EUR	af-assigned	12321875	True	False	True
ieu-b-106	/local-scratch/data/opengwas/igd/ieu-b-106/ieu-b-106.vcf.gz	FEV1/FVC < 0.7	353315	EUR	European	5803220	0.00459952	EUR	1	1	ok	0	0	0	1	0	0	0	ieu-abj-genome-v1	prive2022-hg19	0.5	0.2	5000	0.06	EUR	af-assigned	12321875	True	False	True
ieu-b-107	/local-scratch/data/opengwas/igd/ieu-b-107/ieu-b-107.vcf.gz	apolipoprotein A-I	393193	EUR	European	5803220	0.00455534	EUR	0.99856	0.997458	ok	0	0.000337437	0	0.99856	0	0	0.00110238	ieu-abj-genome-v1	prive2022-hg19	0.5	0.2	5000	0.06	EUR	af-assigned	12321875	True	False	True
ieu-b-108	/local-scratch/data/opengwas/igd/ieu-b-108/ieu-b-108.vcf.gz	apolipoprotein B	439214	EUR	European	5803220	0.00455208	EUR	0.998561	0.997469	ok	0	0.000347266	0	0.998561	0	0	0.00109165	ieu-abj-genome-v1	prive2022-hg19	0.5	0.2	5000	0.06	EUR	af-assigned	12321875	True	False	True
ieu-b-109	/local-scratch/data/opengwas/igd/ieu-b-109/ieu-b-109.vcf.gz	HDL cholesterol	403943	EUR	European	5803220	0.00455535	EUR	0.998558	0.997459	ok	0	0.000342886	0	0.998558	0	0	0.00109903	ieu-abj-genome-v1	prive2022-hg19	0.5	0.2	5000	0.06	EUR	af-assigned	12321875	True	False	True
ieu-b-110	/local-scratch/data/opengwas/igd/ieu-b-110/ieu-b-110.vcf.gz	LDL cholesterol	440546	EUR	European	5803220	0.00455192	EUR	0.998556	0.99746	ok	0	0.000348763	0	0.998556	0	0	0.00109561	ieu-abj-genome-v1	prive2022-hg19	0.5	0.2	5000	0.06	EUR	af-assigned	12321875	True	False	True
ieu-b-111	/local-scratch/data/opengwas/igd/ieu-b-111/ieu-b-111.vcf.gz	triglycerides	441016	EUR	European	5803220	0.00455159	EUR	0.99856	0.997464	ok	0	0.000344439	0	0.99856	0	0	0.00109583	ieu-abj-genome-v1	prive2022-hg19	0.5	0.2	5000	0.06	EUR	af-assigned	12321875	True	False	True
ieu-b-112	/local-scratch/data/opengwas/igd/ieu-b-112/ieu-b-112.vcf.gz	Cognitive function	373617	Unassigned	European	0	nan		0	0	overlap	0	0	0	0	0	0	0	ieu-abj-genome-v1	prive2022-hg19	0.5	0.2	5000	0.06	EUR	reported-fallback	2529804	True	False	True
ieu-b-113	/local-scratch/data/opengwas/igd/ieu-b-113/ieu-b-113.vcf.gz	Fasting glucose	58074	Unassigned	European	0	nan		0	0	overlap	0	0	0	0	0	0	0	ieu-abj-genome-v1	prive2022-hg19	0.5	0.2	5000	0.06	EUR	reported-fallback	2625495	True	False	True
ieu-b-114	/local-scratch/data/opengwas/igd/ieu-b-114/ieu-b-114.vcf.gz	Fasting glucose	133010	Unassigned	European	0	nan		0	0	overlap	0	0	0	0	0	0	0	ieu-abj-genome-v1	prive2022-hg19	0.5	0.2	5000	0.06	EUR	reported-fallback	64432	True	True	False
ieu-b-115	/local-scratch/data/opengwas/igd/ieu-b-115/ieu-b-115.vcf.gz	Fasting insulin	51750	Unassigned	European	0	nan		0	0	overlap	0	0	0	0	0	0	0	ieu-abj-genome-v1	prive2022-hg19	0.5	0.2	5000	0.06	EUR	reported-fallback	2624472	True	False	True
ieu-b-116	/local-scratch/data/opengwas/igd/ieu-b-116/ieu-b-116.vcf.gz	Fasting insulin	108557	Unassigned	European	0	nan		0	0	overlap	0	0	0	0	0	0	0	ieu-abj-genome-v1	prive2022-hg19	0.5	0.2	5000	0.06	EUR	reported-fallback	64421	True	True	False
ieu-b-117	/local-scratch/data/opengwas/igd/ieu-b-117/ieu-b-117.vcf.gz	HOMA-B	36466	Unassigned	European	0	nan		0	0	overlap	0	0	0	0	0	0	0	ieu-abj-genome-v1	prive2022-hg19	0.5	0.2	5000	0.06	EUR	reported-fallback	2454220	True	False	True
ieu-b-118	/local-scratch/data/opengwas/igd/ieu-b-118/ieu-b-118.vcf.gz	HOMA-IR	37037	Unassigned	European	0	nan		0	0	overlap	0	0	0	0	0	0	0	ieu-abj-genome-v1	prive2022-hg19	0.5	0.2	5000	0.06	EUR	reported-fallback	2455342	True	False	True
ieu-b-142	/local-scratch/data/opengwas/igd/ieu-b-142/ieu-b-142.vcf.gz	Cigarettes smoked per day	249752	EUR	European	4528354	0.00631378	EUR	0.934474	0.913607	ok	0.0208673	0.0112237	0.0179047	0.934474	0	0.00431935	0.0112108	ieu-abj-genome-v1	prive2022-hg19	0.5	0.2	5000	0.06	EUR	af-assigned	12003613	True	False	True
ieu-b-143	/local-scratch/data/opengwas/igd/ieu-b-143/ieu-b-143.vcf.gz	Cognitive function	373617	EUR	European	4464957	0.00451662	EUR	0.955096	0.939176	ok	0.0159203	0.00683757	0.0100633	0.955096	0.00033042	0.000310209	0.0114425	ieu-abj-genome-v1	prive2022-hg19	0.5	0.2	5000	0.06	EUR	af-assigned	8990900	True	False	True
ieu-b-4760	/local-scratch/data/opengwas/igd/ieu-b-4760/ieu-b-4760.vcf.gz	Number of children	460654	EUR	European	4528025	0.00455394	EUR	0.998582	0.997425	ok	1.06983e-05	0.000250218	0	0.998582	0	0	0.00115692	ieu-abj-genome-v1	prive2022-hg19	0.5	0.2	5000	0.06	EUR	af-assigned	9631490	True	False	True
ieu-b-4761	/local-scratch/data/opengwas/igd/ieu-b-4761/ieu-b-4761.vcf.gz	Fasting glucose	46186	Unassigned	European	0	nan		0	0	overlap	0	0	0	0	0	0	0	ieu-abj-genome-v1	prive2022-hg19	0.5	0.2	5000	0.06	EUR	reported-fallback	2529804	True	False	True
ieu-b-4763	/local-scratch/data/opengwas/igd/ieu-b-4763/ieu-b-4763.vcf.gz	C-reactive protein	20623	Unassigned	European	0	nan		0	0	overlap	0	0	0	0	0	0	0	ieu-abj-genome-v1	prive2022-hg19	0.5	0.2	5000	0.06	EUR	reported-fallback	8036590	True	False	True
ieu-b-4764	/local-scratch/data/opengwas/igd/ieu-b-4764/ieu-b-4764.vcf.gz	C-reactive protein	61308	Unassigned	European	0	nan		0	0	overlap	0	0	0	0	0	0	0	ieu-abj-genome-v1	prive2022-hg19	0.5	0.2	5000	0.06	EUR	reported-fallback	8036590	True	False	True
ieu-b-4808	/local-scratch/data/opengwas/igd/ieu-b-4808/ieu-b-4808.vcf.gz	25 hydroxyvitamin D level	441291	EUR	European	5019224	0.00493031	EUR	0.998861	0.998219	ok	0.000641428	0.000418548	0	0.998861	0	0	7.93147e-05	ieu-abj-genome-v1	prive2022-hg19	0.5	0.2	5000	0.06	EUR	af-assigned	16667396	True	False	True
ieu-b-4809	/local-scratch/data/opengwas/igd/ieu-b-4809/ieu-b-4809.vcf.gz	Prostate cancer	182625	EUR	European	5801517	0.00459204	EUR	0.998289	0.996853	ok	2.23482e-05	0.000253435	0	0.998289	0	0	0.00143567	ieu-abj-genome-v1	prive2022-hg19	0.5	0.2	5000	0.06	EUR	af-assigned	12097504	True	False	True
ieu-b-4810	/local-scratch/data/opengwas/igd/ieu-b-4810/ieu-b-4810.vcf.gz	Breast cancer	212402	EUR	European	5803220	0.00455888	EUR	0.99839	0.997257	ok	4.96876e-05	0.000426835	0	0.99839	0	0	0.00113301	ieu-abj-genome-v1	prive2022-hg19	0.5	0.2	5000	0.06	EUR	af-assigned	12321854	True	False	True
ieu-b-4812	/local-scratch/data/opengwas/igd/ieu-b-4812/ieu-b-4812.vcf.gz	25 hydroxyvitamin D level	441291	EUR	European	5019224	0.00493031	EUR	0.998861	0.998219	ok	0.000641428	0.000418548	0	0.998861	0	0	7.93147e-05	ieu-abj-genome-v1	prive2022-hg19	0.5	0.2	5000	0.06	EUR	af-assigned	16667396	True	False	True
ieu-b-4813	/local-scratch/data/opengwas/igd/ieu-b-4813/ieu-b-4813.vcf.gz	Height	75030	Unassigned	European	0	nan		0	0	overlap	0	0	0	0	0	0	0	ieu-abj-genome-v1	prive2022-hg19	0.5	0.2	5000	0.06	EUR	reported-fallback	7190052	True	False	True
ieu-b-4814	/local-scratch/data/opengwas/igd/ieu-b-4814/ieu-b-4814.vcf.gz	Height	99997	Unassigned	European	0	nan		0	0	overlap	0	0	0	0	0	0	0	ieu-abj-genome-v1	prive2022-hg19	0.5	0.2	5000	0.06	EUR	reported-fallback	7190052	True	False	True
ieu-b-4815	/local-scratch/data/opengwas/igd/ieu-b-4815/ieu-b-4815.vcf.gz	Body mass index	51852	Unassigned	European	0	nan		0	0	overlap	0	0	0	0	0	0	0	ieu-abj-genome-v1	prive2022-hg19	0.5	0.2	5000	0.06	EUR	reported-fallback	7191598	True	False	True
ieu-b-4816	/local-scratch/data/opengwas/igd/ieu-b-4816/ieu-b-4816.vcf.gz	Body mass index	99998	Unassigned	European	0	nan		0	0	overlap	0	0	0	0	0	0	0	ieu-abj-genome-v1	prive2022-hg19	0.5	0.2	5000	0.06	EUR	reported-fallback	7191598	True	False	True
ieu-b-4817	/local-scratch/data/opengwas/igd/ieu-b-4817/ieu-b-4817.vcf.gz	Systolic blood pressure	38434	Unassigned	European	0	nan		0	0	overlap	0	0	0	0	0	0	0	ieu-abj-genome-v1	prive2022-hg19	0.5	0.2	5000	0.06	EUR	reported-fallback	8029645	True	False	True
ieu-b-4818	/local-scratch/data/opengwas/igd/ieu-b-4818/ieu-b-4818.vcf.gz	Systolic blood pressure	97656	Unassigned	European	0	nan		0	0	overlap	0	0	0	0	0	0	0	ieu-abj-genome-v1	prive2022-hg19	0.5	0.2	5000	0.06	EUR	reported-fallback	8029645	True	False	True
ieu-b-4819	/local-scratch/data/opengwas/igd/ieu-b-4819/ieu-b-4819.vcf.gz	Age at first birth	9999	Unassigned	European	0	nan		0	0	overlap	0	0	0	0	0	0	0	ieu-abj-genome-v1	prive2022-hg19	0.5	0.2	5000	0.06	EUR	reported-fallback	6047010	True	False	True
ieu-b-4820	/local-scratch/data/opengwas/igd/ieu-b-4820/ieu-b-4820.vcf.gz	Age at first birth	32696	Unassigned	European	0	nan		0	0	overlap	0	0	0	0	0	0	0	ieu-abj-genome-v1	prive2022-hg19	0.5	0.2	5000	0.06	EUR	reported-fallback	6047010	True	False	True
ieu-b-4821	/local-scratch/data/opengwas/igd/ieu-b-4821/ieu-b-4821.vcf.gz	Age at menarche	9653	Unassigned	European	0	nan		0	0	overlap	0	0	0	0	0	0	0	ieu-abj-genome-v1	prive2022-hg19	0.5	0.2	5000	0.06	EUR	reported-fallback	7890254	True	False	True
ieu-b-4822	/local-scratch/data/opengwas/igd/ieu-b-4822/ieu-b-4822.vcf.gz	Age at menarche	29346	Unassigned	European	0	nan		0	0	overlap	0	0	0	0	0	0	0	ieu-abj-genome-v1	prive2022-hg19	0.5	0.2	5000	0.06	EUR	reported-fallback	7890254	True	False	True
ieu-b-4823	/local-scratch/data/opengwas/igd/ieu-b-4823/ieu-b-4823.vcf.gz	Age at menopause	4476	Unassigned	European	0	nan		0	0	overlap	0	0	0	0	0	0	0	ieu-abj-genome-v1	prive2022-hg19	0.5	0.2	5000	0.06	EUR	reported-fallback	6972488	True	False	True
ieu-b-4824	/local-scratch/data/opengwas/igd/ieu-b-4824/ieu-b-4824.vcf.gz	Age at menopause	11859	Unassigned	European	0	nan		0	0	overlap	0	0	0	0	0	0	0	ieu-abj-genome-v1	prive2022-hg19	0.5	0.2	5000	0.06	EUR	reported-fallback	6972488	True	False	True
ieu-b-4825	/local-scratch/data/opengwas/igd/ieu-b-4825/ieu-b-4825.vcf.gz	Cigarettes smoked per day	9000	Unassigned	European	0	nan		0	0	overlap	0	0	0	0	0	0	0	ieu-abj-genome-v1	prive2022-hg19	0.5	0.2	5000	0.06	EUR	reported-fallback	7227329	True	False	True
ieu-b-4826	/local-scratch/data/opengwas/igd/ieu-b-4826/ieu-b-4826.vcf.gz	Cigarettes smoked per day	24784	Unassigned	European	0	nan		0	0	overlap	0	0	0	0	0	0	0	ieu-abj-genome-v1	prive2022-hg19	0.5	0.2	5000	0.06	EUR	reported-fallback	7227329	True	False	True
ieu-b-4827	/local-scratch/data/opengwas/igd/ieu-b-4827/ieu-b-4827.vcf.gz	Number of children ever born measurement	20095	Unassigned	European	0	nan		0	0	overlap	0	0	0	0	0	0	0	ieu-abj-genome-v1	prive2022-hg19	0.5	0.2	5000	0.06	EUR	reported-fallback	7974403	True	False	True
ieu-b-4828	/local-scratch/data/opengwas/igd/ieu-b-4828/ieu-b-4828.vcf.gz	Number of children ever born measurement	60430	Unassigned	European	0	nan		0	0	overlap	0	0	0	0	0	0	0	ieu-abj-genome-v1	prive2022-hg19	0.5	0.2	5000	0.06	EUR	reported-fallback	7974403	True	False	True
ieu-b-4829	/local-scratch/data/opengwas/igd/ieu-b-4829/ieu-b-4829.vcf.gz	Waist-hip ratio	31740	Unassigned	European	0	nan		0	0	overlap	0	0	0	0	0	0	0	ieu-abj-genome-v1	prive2022-hg19	0.5	0.2	5000	0.06	EUR	reported-fallback	7908954	True	False	True
ieu-b-4830	/local-scratch/data/opengwas/igd/ieu-b-4830/ieu-b-4830.vcf.gz	Waist-hip ratio	85978	Unassigned	European	0	nan		0	0	overlap	0	0	0	0	0	0	0	ieu-abj-genome-v1	prive2022-hg19	0.5	0.2	5000	0.06	EUR	reported-fallback	7908954	True	False	True
ieu-b-4831	/local-scratch/data/opengwas/igd/ieu-b-4831/ieu-b-4831.vcf.gz	Estimated glomerular filtration rate	31287	Unassigned	European	0	nan		0	0	overlap	0	0	0	0	0	0	0	ieu-abj-genome-v1	prive2022-hg19	0.5	0.2	5000	0.06	EUR	reported-fallback	7892788	True	False	True
ieu-b-4832	/local-scratch/data/opengwas/igd/ieu-b-4832/ieu-b-4832.vcf.gz	Estimated glomerular filtration rate	76511	Unassigned	European	0	nan		0	0	overlap	0	0	0	0	0	0	0	ieu-abj-genome-v1	prive2022-hg19	0.5	0.2	5000	0.06	EUR	reported-fallback	7892788	True	False	True
ieu-b-4833	/local-scratch/data/opengwas/igd/ieu-b-4833/ieu-b-4833.vcf.gz	Alcohol consumption	29540	Unassigned	European	0	nan		0	0	overlap	0	0	0	0	0	0	0	ieu-abj-genome-v1	prive2022-hg19	0.5	0.2	5000	0.06	EUR	reported-fallback	7914324	True	False	True
ieu-b-4834	/local-scratch/data/opengwas/igd/ieu-b-4834/ieu-b-4834.vcf.gz	Alcohol consumption	83626	Unassigned	European	0	nan		0	0	overlap	0	0	0	0	0	0	0	ieu-abj-genome-v1	prive2022-hg19	0.5	0.2	5000	0.06	EUR	reported-fallback	7914324	True	False	True
ieu-b-4835	/local-scratch/data/opengwas/igd/ieu-b-4835/ieu-b-4835.vcf.gz	Years of schooling	54986	Unassigned	European	0	nan		0	0	overlap	0	0	0	0	0	0	0	ieu-abj-genome-v1	prive2022-hg19	0.5	0.2	5000	0.06	EUR	reported-fallback	7210025	True	False	True
ieu-b-4836	/local-scratch/data/opengwas/igd/ieu-b-4836/ieu-b-4836.vcf.gz	Years of schooling	99970	Unassigned	European	0	nan		0	0	overlap	0	0	0	0	0	0	0	ieu-abj-genome-v1	prive2022-hg19	0.5	0.2	5000	0.06	EUR	reported-fallback	7210025	True	False	True
ieu-b-4837	/local-scratch/data/opengwas/igd/ieu-b-4837/ieu-b-4837.vcf.gz	Cognitive function	9997	Unassigned	European	0	nan		0	0	overlap	0	0	0	0	0	0	0	ieu-abj-genome-v1	prive2022-hg19	0.5	0.2	5000	0.06	EUR	reported-fallback	6719302	True	False	True
ieu-b-4838	/local-scratch/data/opengwas/igd/ieu-b-4838/ieu-b-4838.vcf.gz	Cognitive function	22593	Unassigned	European	0	nan		0	0	overlap	0	0	0	0	0	0	0	ieu-abj-genome-v1	prive2022-hg19	0.5	0.2	5000	0.06	EUR	reported-fallback	6719302	True	False	True
ieu-b-4839	/local-scratch/data/opengwas/igd/ieu-b-4839/ieu-b-4839.vcf.gz	Depressive symptoms	16782	Unassigned	European	0	nan		0	0	overlap	0	0	0	0	0	0	0	ieu-abj-genome-v1	prive2022-hg19	0.5	0.2	5000	0.06	EUR	reported-fallback	8281388	True	False	True
ieu-b-4840	/local-scratch/data/opengwas/igd/ieu-b-4840/ieu-b-4840.vcf.gz	Depressive symptoms	47517	Unassigned	European	0	nan		0	0	overlap	0	0	0	0	0	0	0	ieu-abj-genome-v1	prive2022-hg19	0.5	0.2	5000	0.06	EUR	reported-fallback	8281388	True	False	True
ieu-b-4841	/local-scratch/data/opengwas/igd/ieu-b-4841/ieu-b-4841.vcf.gz	HbA1c	17724	Unassigned	European	0	nan		0	0	overlap	0	0	0	0	0	0	0	ieu-abj-genome-v1	prive2022-hg19	0.5	0.2	5000	0.06	EUR	reported-fallback	9696819	True	False	True
ieu-b-4842	/local-scratch/data/opengwas/igd/ieu-b-4842/ieu-b-4842.vcf.gz	HbA1c	45734	Unassigned	European	0	nan		0	0	overlap	0	0	0	0	0	0	0	ieu-abj-genome-v1	prive2022-hg19	0.5	0.2	5000	0.06	EUR	reported-fallback	9696819	True	False	True
ieu-b-4843	/local-scratch/data/opengwas/igd/ieu-b-4843/ieu-b-4843.vcf.gz	HDL cholesterol	37120	Unassigned	European	0	nan		0	0	overlap	0	0	0	0	0	0	0	ieu-abj-genome-v1	prive2022-hg19	0.5	0.2	5000	0.06	EUR	reported-fallback	7892377	True	False	True
ieu-b-4844	/local-scratch/data/opengwas/igd/ieu-b-4844/ieu-b-4844.vcf.gz	HDL cholesterol	77409	Unassigned	European	0	nan		0	0	overlap	0	0	0	0	0	0	0	ieu-abj-genome-v1	prive2022-hg19	0.5	0.2	5000	0.06	EUR	reported-fallback	7892377	True	False	True
ieu-b-4845	/local-scratch/data/opengwas/igd/ieu-b-4845/ieu-b-4845.vcf.gz	LDL cholesterol	29212	Unassigned	European	0	nan		0	0	overlap	0	0	0	0	0	0	0	ieu-abj-genome-v1	prive2022-hg19	0.5	0.2	5000	0.06	EUR	reported-fallback	7892997	True	False	True
ieu-b-4846	/local-scratch/data/opengwas/igd/ieu-b-4846/ieu-b-4846.vcf.gz	LDL cholesterol	70814	Unassigned	European	0	nan		0	0	overlap	0	0	0	0	0	0	0	ieu-abj-genome-v1	prive2022-hg19	0.5	0.2	5000	0.06	EUR	reported-fallback	7892997	True	False	True
ieu-b-4847	/local-scratch/data/opengwas/igd/ieu-b-4847/ieu-b-4847.vcf.gz	Neuroticism	28130	Unassigned	European	0	nan		0	0	overlap	0	0	0	0	0	0	0	ieu-abj-genome-v1	prive2022-hg19	0.5	0.2	5000	0.06	EUR	reported-fallback	7908033	True	False	True
ieu-b-4848	/local-scratch/data/opengwas/igd/ieu-b-4848/ieu-b-4848.vcf.gz	Neuroticism	79004	Unassigned	European	0	nan		0	0	overlap	0	0	0	0	0	0	0	ieu-abj-genome-v1	prive2022-hg19	0.5	0.2	5000	0.06	EUR	reported-fallback	7908033	True	False	True
ieu-b-4849	/local-scratch/data/opengwas/igd/ieu-b-4849/ieu-b-4849.vcf.gz	Triglycerides	30515	Unassigned	European	0	nan		0	0	overlap	0	0	0	0	0	0	0	ieu-abj-genome-v1	prive2022-hg19	0.5	0.2	5000	0.06	EUR	reported-fallback	7892037	True	False	True
ieu-b-4850	/local-scratch/data/opengwas/igd/ieu-b-4850/ieu-b-4850.vcf.gz	Triglycerides	78700	Unassigned	European	0	nan		0	0	overlap	0	0	0	0	0	0	0	ieu-abj-genome-v1	prive2022-hg19	0.5	0.2	5000	0.06	EUR	reported-fallback	7892037	True	False	True
ieu-b-4851	/local-scratch/data/opengwas/igd/ieu-b-4851/ieu-b-4851.vcf.gz	Wellbeing	22656	Unassigned	European	0	nan		0	0	overlap	0	0	0	0	0	0	0	ieu-abj-genome-v1	prive2022-hg19	0.5	0.2	5000	0.06	EUR	reported-fallback	7465013	True	False	True
ieu-b-4852	/local-scratch/data/opengwas/igd/ieu-b-4852/ieu-b-4852.vcf.gz	Wellbeing	63392	Unassigned	European	0	nan		0	0	overlap	0	0	0	0	0	0	0	ieu-abj-genome-v1	prive2022-hg19	0.5	0.2	5000	0.06	EUR	reported-fallback	7465013	True	False	True
ieu-b-4853	/local-scratch/data/opengwas/igd/ieu-b-4853/ieu-b-4853.vcf.gz	Forced expiratory volume in 1-second	14444	Unassigned	European	0	nan		0	0	overlap	0	0	0	0	0	0	0	ieu-abj-genome-v1	prive2022-hg19	0.5	0.2	5000	0.06	EUR	reported-fallback	9703526	True	False	True
ieu-b-4854	/local-scratch/data/opengwas/igd/ieu-b-4854/ieu-b-4854.vcf.gz	Forced expiratory volume in 1-second	44671	Unassigned	European	0	nan		0	0	overlap	0	0	0	0	0	0	0	ieu-abj-genome-v1	prive2022-hg19	0.5	0.2	5000	0.06	EUR	reported-fallback	9703526	True	False	True
ieu-b-4855	/local-scratch/data/opengwas/igd/ieu-b-4855/ieu-b-4855.vcf.gz	FEV1/FVC	15946	Unassigned	European	0	nan		0	0	overlap	0	0	0	0	0	0	0	ieu-abj-genome-v1	prive2022-hg19	0.5	0.2	5000	0.06	EUR	reported-fallback	9703538	True	False	True
ieu-b-4856	/local-scratch/data/opengwas/igd/ieu-b-4856/ieu-b-4856.vcf.gz	FEV1/FVC	51396	Unassigned	European	0	nan		0	0	overlap	0	0	0	0	0	0	0	ieu-abj-genome-v1	prive2022-hg19	0.5	0.2	5000	0.06	EUR	reported-fallback	9703538	True	False	True
ieu-b-4857	/local-scratch/data/opengwas/igd/ieu-b-4857/ieu-b-4857.vcf.gz	Ever smoked	44052	Unassigned	European	0	nan		0	0	overlap	0	0	0	0	0	0	0	ieu-abj-genome-v1	prive2022-hg19	0.5	0.2	5000	0.06	EUR	reported-fallback	7933812	True	False	True
ieu-b-4858	/local-scratch/data/opengwas/igd/ieu-b-4858/ieu-b-4858.vcf.gz	Ever smoked	99996	Unassigned	European	0	nan		0	0	overlap	0	0	0	0	0	0	0	ieu-abj-genome-v1	prive2022-hg19	0.5	0.2	5000	0.06	EUR	reported-fallback	7933812	True	False	True
ieu-b-4859	/local-scratch/data/opengwas/igd/ieu-b-4859/ieu-b-4859.vcf.gz	Physical activity	24264	Unassigned	European	0	nan		0	0	overlap	0	0	0	0	0	0	0	ieu-abj-genome-v1	prive2022-hg19	0.5	0.2	5000	0.06	EUR	reported-fallback	7987053	True	False	True
ieu-b-4860	/local-scratch/data/opengwas/igd/ieu-b-4860/ieu-b-4860.vcf.gz	Physical activity	78007	Unassigned	European	0	nan		0	0	overlap	0	0	0	0	0	0	0	ieu-abj-genome-v1	prive2022-hg19	0.5	0.2	5000	0.06	EUR	reported-fallback	7987053	True	False	True
ieu-b-4861	/local-scratch/data/opengwas/igd/ieu-b-4861/ieu-b-4861.vcf.gz	Chronotype	244207	EUR	European	4517372	0.00463004	EUR	1	1	ok	0	0	0	1	0	0	0	ieu-abj-genome-v1	prive2022-hg19	0.5	0.2	5000	0.06	EUR	af-assigned	11979082	True	False	True
ieu-b-4862	/local-scratch/data/opengwas/igd/ieu-b-4862/ieu-b-4862.vcf.gz	Chronotype	205527	EUR	European	5811336	0.00467113	EUR	1	1	ok	0	0	0	1	0	0	0	ieu-abj-genome-v1	prive2022-hg19	0.5	0.2	5000	0.06	EUR	af-assigned	17070463	True	False	True
ieu-b-4864	/local-scratch/data/opengwas/igd/ieu-b-4864/ieu-b-4864.vcf.gz	Total Testosterone	199569	EUR	European	5803220	0.00456788	EUR	0.998534	0.997501	ok	2.31353e-05	0.000409866	0	0.998534	0	0	0.00103289	ieu-abj-genome-v1	prive2022-hg19	0.5	0.2	5000	0.06	EUR	af-assigned	12321875	True	False	True
ieu-b-4865	/local-scratch/data/opengwas/igd/ieu-b-4865/ieu-b-4865.vcf.gz	Total Testosterone	199569	EUR	European	5803220	0.0045898	EUR	0.998575	0.997387	ok	0	0.00023807	0	0.998575	0	0	0.00118731	ieu-abj-genome-v1	prive2022-hg19	0.5	0.2	5000	0.06	EUR	af-assigned	12321875	True	False	True
ieu-b-4868	/local-scratch/data/opengwas/igd/ieu-b-4868/ieu-b-4868.vcf.gz	Bioavailable Testosterone	184205	EUR	European	5803220	0.00459545	EUR	0.998584	0.997422	ok	0	0.000253553	0	0.998584	0	0	0.00116243	ieu-abj-genome-v1	prive2022-hg19	0.5	0.2	5000	0.06	EUR	af-assigned	12321875	True	False	True
ieu-b-4869	/local-scratch/data/opengwas/igd/ieu-b-4869/ieu-b-4869.vcf.gz	Bioavailable Testosterone	180386	EUR	European	5803220	0.00457448	EUR	0.998514	0.997426	ok	4.80886e-06	0.000393895	0	0.998514	0	0	0.00108774	ieu-abj-genome-v1	prive2022-hg19	0.5	0.2	5000	0.06	EUR	af-assigned	12321875	True	False	True
ieu-b-4870	/local-scratch/data/opengwas/igd/ieu-b-4870/ieu-b-4870.vcf.gz	Sex hormone binding globulin (SHBG)	214989	EUR	European	5803220	0.00456572	EUR	0.998538	0.997499	ok	0	0.000422844	0	0.998538	0	0	0.00103928	ieu-abj-genome-v1	prive2022-hg19	0.5	0.2	5000	0.06	EUR	af-assigned	12321875	True	False	True
ieu-b-4871	/local-scratch/data/opengwas/igd/ieu-b-4871/ieu-b-4871.vcf.gz	Sex hormone binding globulin (SHBG)	185221	EUR	European	5803220	0.00459528	EUR	0.998592	0.997433	ok	0	0.000249564	0	0.998592	0	0	0.00115863	ieu-abj-genome-v1	prive2022-hg19	0.5	0.2	5000	0.06	EUR	af-assigned	12321875	True	False	True
ieu-b-4872	/local-scratch/data/opengwas/igd/ieu-b-4872/ieu-b-4872.vcf.gz	Oestradiol	53391	EUR	European	5803220	0.00459534	EUR	0.996962	0.994946	ok	0.000317213	0.000704865	0	0.996962	0	0	0.00201574	ieu-abj-genome-v1	prive2022-hg19	0.5	0.2	5000	0.06	EUR	af-assigned	12321875	True	False	True
ieu-b-4873	/local-scratch/data/opengwas/igd/ieu-b-4873/ieu-b-4873.vcf.gz	Oestradiol	17134	EUR	European	5803220	0.0050049	EUR	0.998935	0.9979	ok	0	2.99492e-05	0	0.998935	0	0	0.00103484	ieu-abj-genome-v1	prive2022-hg19	0.5	0.2	5000	0.06	EUR	af-assigned	12321875	True	False	True
ieu-b-4874	/local-scratch/data/opengwas/igd/ieu-b-4874/ieu-b-4874.vcf.gz	Bladder cancer	373295	EUR	European	5703885	0.00458756	EUR	0.998286	0.996984	ok	5.09985e-05	0.000360133	0	0.998286	0	0	0.00130245	ieu-abj-genome-v1	prive2022-hg19	0.5	0.2	5000	0.06	EUR	af-assigned	9904926	True	False	True
ieu-b-4875	/local-scratch/data/opengwas/igd/ieu-b-4875/ieu-b-4875.vcf.gz	brain cancer	372622	EUR	European	5530108	0.00465249	EUR	0.998265	0.996957	ok	5.41729e-05	0.000373143	0	0.998265	0	0	0.00130773	ieu-abj-genome-v1	prive2022-hg19	0.5	0.2	5000	0.06	EUR	af-assigned	8629116	True	False	True
ieu-b-4876	/local-scratch/data/opengwas/igd/ieu-b-4876/ieu-b-4876.vcf.gz	cervical cancer	199086	EUR	European	5505220	0.00467319	EUR	0.998316	0.997164	ok	7.03964e-05	0.000461912	0	0.998316	0	0	0.0011516	ieu-abj-genome-v1	prive2022-hg19	0.5	0.2	5000	0.06	EUR	af-assigned	8506261	True	False	True
ieu-b-4877	/local-scratch/data/opengwas/igd/ieu-b-4877/ieu-b-4877.vcf.gz	smoking initiation	607291	EUR	European	4499639	0.00630367	EUR	0.934471	0.913601	ok	0.0208697	0.0112379	0.0178975	0.934471	0	0.00431704	0.0112072	ieu-abj-genome-v1	prive2022-hg19	0.5	0.2	5000	0.06	EUR	af-assigned	11802365	True	False	True
ieu-b-4878	/local-scratch/data/opengwas/igd/ieu-b-4878/ieu-b-4878.vcf.gz	haemotological cancer	376568	EUR	European	5790566	0.00455406	EUR	0.998312	0.997023	ok	4.84549e-05	0.000350443	0	0.998312	0	0	0.00128905	ieu-abj-genome-v1	prive2022-hg19	0.5	0.2	5000	0.06	EUR	af-assigned	11562585	True	False	True
ieu-b-4879	/local-scratch/data/opengwas/igd/ieu-b-4879/ieu-b-4879.vcf.gz	telomere length	472174	EUR	European	5814951	0.00434337	EUR	0.953992	0.93157	ok	0.0170518	0.00203454	0.00435612	0.953992	0.000144095	0	0.0224216	ieu-abj-genome-v1	prive2022-hg19	0.5	0.2	5000	0.06	EUR	af-assigned	20134421	True	False	True
ieu-b-4898	/local-scratch/data/opengwas/igd/ieu-b-4898/ieu-b-4898.vcf.gz	Anti-Alpha-casein protein IgG levels	683	Unassigned	European	4020315	0.23017	EUR	0.597512	0.333579	residual	0.263933	0.0287557	0.0494512	0.597512	0.00436619	0	0.0559811	ieu-abj-genome-v1	prive2022-hg19	0.5	0.2	5000	0.06	EUR	reported-fallback	7247045	True	False	True
ieu-b-4899	/local-scratch/data/opengwas/igd/ieu-b-4899/ieu-b-4899.vcf.gz	Anti-Beta-casein protein IgG levels	683	Unassigned	European	3888485	0.23099	EUR	0.59211	0.325896	residual	0.266213	0.0302205	0.0493805	0.59211	0.00499229	0	0.0570841	ieu-abj-genome-v1	prive2022-hg19	0.5	0.2	5000	0.06	EUR	reported-fallback	7002835	True	False	True
ieu-b-4900	/local-scratch/data/opengwas/igd/ieu-b-4900/ieu-b-4900.vcf.gz	Anti-Cytomegalovirus IgG levels	5010	Unassigned	European	3888485	0.23099	EUR	0.59211	0.325896	residual	0.266213	0.0302205	0.0493805	0.59211	0.00499229	0	0.0570841	ieu-abj-genome-v1	prive2022-hg19	0.5	0.2	5000	0.06	EUR	reported-fallback	7002835	True	False	True
ieu-b-4901	/local-scratch/data/opengwas/igd/ieu-b-4901/ieu-b-4901.vcf.gz	Anti-Epstein-Barr virus IgG levels	5010	Unassigned	European	3888485	0.23099	EUR	0.59211	0.325896	residual	0.266213	0.0302205	0.0493805	0.59211	0.00499229	0	0.0570841	ieu-abj-genome-v1	prive2022-hg19	0.5	0.2	5000	0.06	EUR	reported-fallback	7002835	True	False	True
ieu-b-4902	/local-scratch/data/opengwas/igd/ieu-b-4902/ieu-b-4902.vcf.gz	Anti-Feline herpes virus IgG levels	2764	Unassigned	European	3888485	0.23099	EUR	0.59211	0.325896	residual	0.266213	0.0302205	0.0493805	0.59211	0.00499229	0	0.0570841	ieu-abj-genome-v1	prive2022-hg19	0.5	0.2	5000	0.06	EUR	reported-fallback	7002835	True	False	True
ieu-b-4903	/local-scratch/data/opengwas/igd/ieu-b-4903/ieu-b-4903.vcf.gz	Anti-Influenza virus subtype H1N1 IgG levels	683	Unassigned	European	4020315	0.23017	EUR	0.597512	0.333579	residual	0.263933	0.0287557	0.0494512	0.597512	0.00436619	0	0.0559811	ieu-abj-genome-v1	prive2022-hg19	0.5	0.2	5000	0.06	EUR	reported-fallback	7247045	True	False	True
ieu-b-4904	/local-scratch/data/opengwas/igd/ieu-b-4904/ieu-b-4904.vcf.gz	Anti-Influenza virus subtype H3N2 IgG levels	683	Unassigned	European	4020315	0.23017	EUR	0.597512	0.333579	residual	0.263933	0.0287557	0.0494512	0.597512	0.00436619	0	0.0559811	ieu-abj-genome-v1	prive2022-hg19	0.5	0.2	5000	0.06	EUR	reported-fallback	7247045	True	False	True
ieu-b-4905	/local-scratch/data/opengwas/igd/ieu-b-4905/ieu-b-4905.vcf.gz	Anti-Helicobacter pylori IgG levels	4683	Unassigned	European	4020315	0.23017	EUR	0.597512	0.333579	residual	0.263933	0.0287557	0.0494512	0.597512	0.00436619	0	0.0559811	ieu-abj-genome-v1	prive2022-hg19	0.5	0.2	5000	0.06	EUR	reported-fallback	7247045	True	False	True
ieu-b-4906	/local-scratch/data/opengwas/igd/ieu-b-4906/ieu-b-4906.vcf.gz	Anti-Herpes simplex virus 1 IgG levels	683	Unassigned	European	3888485	0.23099	EUR	0.59211	0.325896	residual	0.266213	0.0302205	0.0493805	0.59211	0.00499229	0	0.0570841	ieu-abj-genome-v1	prive2022-hg19	0.5	0.2	5000	0.06	EUR	reported-fallback	7002835	True	False	True
ieu-b-4907	/local-scratch/data/opengwas/igd/ieu-b-4907/ieu-b-4907.vcf.gz	Anti-Measles virus IgG levels	683	Unassigned	European	4020315	0.23017	EUR	0.597512	0.333579	residual	0.263933	0.0287557	0.0494512	0.597512	0.00436619	0	0.0559811	ieu-abj-genome-v1	prive2022-hg19	0.5	0.2	5000	0.06	EUR	reported-fallback	7247045	True	False	True
ieu-b-4908	/local-scratch/data/opengwas/igd/ieu-b-4908/ieu-b-4908.vcf.gz	Anti-Saccharomyces cerevisiae IgA levels	357	Unassigned	European	4020305	0.230171	EUR	0.597512	0.333579	residual	0.263933	0.0287554	0.0494511	0.597512	0.00436676	0	0.0559812	ieu-abj-genome-v1	prive2022-hg19	0.5	0.2	5000	0.06	EUR	reported-fallback	7246993	True	False	True
ieu-b-4909	/local-scratch/data/opengwas/igd/ieu-b-4909/ieu-b-4909.vcf.gz	Anti-SAG1 protein domain IgG levels	1288	Unassigned	European	4020315	0.23017	EUR	0.597512	0.333579	residual	0.263933	0.0287557	0.0494512	0.597512	0.00436619	0	0.0559811	ieu-abj-genome-v1	prive2022-hg19	0.5	0.2	5000	0.06	EUR	reported-fallback	7247045	True	False	True
ieu-b-4910	/local-scratch/data/opengwas/igd/ieu-b-4910/ieu-b-4910.vcf.gz	Anti-Toxoplasma gondii IgG levels	5010	Unassigned	European	4020315	0.23017	EUR	0.597512	0.333579	residual	0.263933	0.0287557	0.0494512	0.597512	0.00436619	0	0.0559811	ieu-abj-genome-v1	prive2022-hg19	0.5	0.2	5000	0.06	EUR	reported-fallback	7247045	True	False	True
ieu-b-4911	/local-scratch/data/opengwas/igd/ieu-b-4911/ieu-b-4911.vcf.gz	Anti-Theiler's virus IgG levels	683	Unassigned	European	4020315	0.23017	EUR	0.597512	0.333579	residual	0.263933	0.0287557	0.0494512	0.597512	0.00436619	0	0.0559811	ieu-abj-genome-v1	prive2022-hg19	0.5	0.2	5000	0.06	EUR	reported-fallback	7247045	True	False	True
ieu-b-4912	/local-scratch/data/opengwas/igd/ieu-b-4912/ieu-b-4912.vcf.gz	Head and neck cancer	373122	EUR	European	5681152	0.00459573	EUR	0.998287	0.996987	ok	5.17007e-05	0.000361878	0	0.998287	0	0	0.00129985	ieu-abj-genome-v1	prive2022-hg19	0.5	0.2	5000	0.06	EUR	af-assigned	9655080	True	False	True
ieu-b-4913	/local-scratch/data/opengwas/igd/ieu-b-4913/ieu-b-4913.vcf.gz	Laryngeal cancer	372289	EUR	European	5128230	0.00479735	EUR	0.998224	0.996887	ok	5.91179e-05	0.000379621	0	0.998224	0	0	0.00133689	ieu-abj-genome-v1	prive2022-hg19	0.5	0.2	5000	0.06	EUR	af-assigned	7239512	True	False	True
ieu-b-4914	/local-scratch/data/opengwas/igd/ieu-b-4914/ieu-b-4914.vcf.gz	Leukaemia	373276	EUR	European	5701904	0.00458818	EUR	0.998289	0.996992	ok	5.22881e-05	0.000361525	0	0.998289	0	0	0.00129697	ieu-abj-genome-v1	prive2022-hg19	0.5	0.2	5000	0.06	EUR	af-assigned	9880879	True	False	True
ieu-b-4915	/local-scratch/data/opengwas/igd/ieu-b-4915/ieu-b-4915.vcf.gz	Liver & bile duct cancer	372366	EUR	European	5288351	0.00474044	EUR	0.99824	0.996915	ok	5.90453e-05	0.000376014	0	0.99824	0	0	0.00132511	ieu-abj-genome-v1	prive2022-hg19	0.5	0.2	5000	0.06	EUR	af-assigned	7687713	True	False	True
ieu-b-4953	/local-scratch/data/opengwas/igd/ieu-b-4953/ieu-b-4953.vcf.gz	Liver cell carcinoma	372184	EUR	European	4698561	0.00494503	EUR	0.99814	0.996765	ok	6.40846e-05	0.000421041	0	0.99814	0	0	0.00137481	ieu-abj-genome-v1	prive2022-hg19	0.5	0.2	5000	0.06	EUR	af-assigned	6304034	True	False	True
ieu-b-4954	/local-scratch/data/opengwas/igd/ieu-b-4954/ieu-b-4954.vcf.gz	Lung cancer	374687	EUR	European	5770213	0.00456141	EUR	0.998296	0.996994	ok	5.08371e-05	0.000351326	0	0.998296	0	0	0.00130204	ieu-abj-genome-v1	prive2022-hg19	0.5	0.2	5000	0.06	EUR	af-assigned	11078115	True	False	True
ieu-b-4955	/local-scratch/data/opengwas/igd/ieu-b-4955/ieu-b-4955.vcf.gz	Lung cancer	374687	EUR	European	5770213	0.00456141	EUR	0.998296	0.996994	ok	5.08371e-05	0.000351326	0	0.998296	0	0	0.00130204	ieu-abj-genome-v1	prive2022-hg19	0.5	0.2	5000	0.06	EUR	af-assigned	11078115	True	False	True
ieu-b-4956	/local-scratch/data/opengwas/igd/ieu-b-4956/ieu-b-4956.vcf.gz	Lymphoid leukaemia	372776	EUR	European	5598959	0.00462678	EUR	0.998278	0.996974	ok	5.2356e-05	0.000366747	0	0.998278	0	0	0.00130332	ieu-abj-genome-v1	prive2022-hg19	0.5	0.2	5000	0.06	EUR	af-assigned	9015063	True	False	True
ieu-b-4957	/local-scratch/data/opengwas/igd/ieu-b-4957/ieu-b-4957.vcf.gz	Multiple myeloma	372617	EUR	European	5527534	0.00465363	EUR	0.998269	0.996964	ok	5.34919e-05	0.000373123	0	0.998269	0	0	0.00130468	ieu-abj-genome-v1	prive2022-hg19	0.5	0.2	5000	0.06	EUR	af-assigned	8615746	True	False	True
ieu-b-4958	/local-scratch/data/opengwas/igd/ieu-b-4958/ieu-b-4958.vcf.gz	Myeloid leukaemia	372478	EUR	European	5425824	0.00469113	EUR	0.998261	0.996951	ok	5.54671e-05	0.000373191	0	0.998261	0	0	0.00130993	ieu-abj-genome-v1	prive2022-hg19	0.5	0.2	5000	0.06	EUR	af-assigned	8171258	True	False	True
ieu-b-4959	/local-scratch/data/opengwas/igd/ieu-b-4959/ieu-b-4959.vcf.gz	Malignant non-melanoma skin cancer	395710	EUR	European	5803220	0.00455098	EUR	0.998459	0.997267	ok	1.24463e-05	0.000336267	0	0.998459	0	0	0.00119198	ieu-abj-genome-v1	prive2022-hg19	0.5	0.2	5000	0.06	EUR	af-assigned	12321875	True	False	True
ieu-b-4960	/local-scratch/data/opengwas/igd/ieu-b-4960/ieu-b-4960.vcf.gz	Oesophageal cancer	372756	EUR	European	5591839	0.00462948	EUR	0.998275	0.996967	ok	5.14772e-05	0.000365205	0	0.998275	0	0	0.00130832	ieu-abj-genome-v1	prive2022-hg19	0.5	0.2	5000	0.06	EUR	af-assigned	8970465	True	False	True
ieu-b-4961	/local-scratch/data/opengwas/igd/ieu-b-4961/ieu-b-4961.vcf.gz	Oral cavity cancer	372373	EUR	European	5299832	0.00473647	EUR	0.998245	0.996921	ok	5.77643e-05	0.000374181	0	0.998245	0	0	0.00132329	ieu-abj-genome-v1	prive2022-hg19	0.5	0.2	5000	0.06	EUR	af-assigned	7723107	True	False	True
ieu-b-4962	/local-scratch/data/opengwas/igd/ieu-b-4962/ieu-b-4962.vcf.gz	Oral and oropharyngeal cancer	372855	EUR	European	5624545	0.00461714	EUR	0.99828	0.996976	ok	5.17893e-05	0.000365258	0	0.99828	0	0	0.0013033	ieu-abj-genome-v1	prive2022-hg19	0.5	0.2	5000	0.06	EUR	af-assigned	9185233	True	False	True
ieu-b-4963	/local-scratch/data/opengwas/igd/ieu-b-4963/ieu-b-4963.vcf.gz	Ovarian cancer	199741	EUR	European	5697129	0.00460189	EUR	0.998327	0.997174	ok	6.19771e-05	0.00045785	0	0.998327	0	0	0.00115326	ieu-abj-genome-v1	prive2022-hg19	0.5	0.2	5000	0.06	EUR	af-assigned	9822229	True	False	True
ieu-b-4964	/local-scratch/data/opengwas/igd/ieu-b-4964/ieu-b-4964.vcf.gz	Pan cancer	422659	EUR	European	5803220	0.00455005	EUR	0.998403	0.997174	ok	2.56548e-05	0.000343622	0	0.998403	0	0	0.00122819	ieu-abj-genome-v1	prive2022-hg19	0.5	0.2	5000	0.06	EUR	af-assigned	12321875	True	False	True
ieu-b-4965	/local-scratch/data/opengwas/igd/ieu-b-4965/ieu-b-4965.vcf.gz	Colorectal cancer	377673	EUR	European	5795462	0.00455208	EUR	0.998314	0.997031	ok	4.2255e-05	0.000359425	0	0.998314	0	0	0.00128383	ieu-abj-genome-v1	prive2022-hg19	0.5	0.2	5000	0.06	EUR	af-assigned	11738639	True	False	True
ieu-b-4966	/local-scratch/data/opengwas/igd/ieu-b-4966/ieu-b-4966.vcf.gz	Pan cancer	442239	EUR	European	5803220	0.00455098	EUR	0.99852	0.99737	ok	0	0.000329755	0	0.99852	0	0	0.00115006	ieu-abj-genome-v1	prive2022-hg19	0.5	0.2	5000	0.06	EUR	af-assigned	12321875	True	False	True
ieu-b-4967	/local-scratch/data/opengwas/igd/ieu-b-4967/ieu-b-4967.vcf.gz	Appendicitis	486484	EUR	European	5803220	0.0047726	EUR	0.998561	0.997454	ok	0	0.000332245	0	0.998561	0	0	0.00110691	ieu-abj-genome-v1	prive2022-hg19	0.5	0.2	5000	0.06	EUR	af-assigned	12243521	True	False	True
ieu-b-4968	/local-scratch/data/opengwas/igd/ieu-b-4968/ieu-b-4968.vcf.gz	Oropharyngeal cancer	372510	EUR	European	5454035	0.00468045	EUR	0.998262	0.996952	ok	5.53496e-05	0.000373972	0	0.998262	0	0	0.00130913	ieu-abj-genome-v1	prive2022-hg19	0.5	0.2	5000	0.06	EUR	af-assigned	8283869	True	False	True
ieu-b-4969	/local-scratch/data/opengwas/igd/ieu-b-4969/ieu-b-4969.vcf.gz	Melanoma skin cancer	375767	EUR	European	5784416	0.00455717	EUR	0.998321	0.997038	ok	4.25127e-05	0.000353039	0	0.998321	0	0	0.0012834	ieu-abj-genome-v1	prive2022-hg19	0.5	0.2	5000	0.06	EUR	af-assigned	11396019	True	False	True
ieu-b-4970	/local-scratch/data/opengwas/igd/ieu-b-4970/ieu-b-4970.vcf.gz	Cellulitis	486484	EUR	European	5803220	0.0047726	EUR	0.998561	0.997454	ok	0	0.000332245	0	0.998561	0	0	0.00110691	ieu-abj-genome-v1	prive2022-hg19	0.5	0.2	5000	0.06	EUR	af-assigned	12243539	True	False	True
ieu-b-4971	/local-scratch/data/opengwas/igd/ieu-b-4971/ieu-b-4971.vcf.gz	Cholecystitits	486484	EUR	European	5803220	0.00475758	EUR	0.998564	0.99746	ok	0	0.000330759	0	0.998564	0	0	0.00110478	ieu-abj-genome-v1	prive2022-hg19	0.5	0.2	5000	0.06	EUR	af-assigned	12243513	True	False	True
ieu-b-4972	/local-scratch/data/opengwas/igd/ieu-b-4972/ieu-b-4972.vcf.gz	Endocarditis	486484	EUR	European	5803220	0.00475557	EUR	0.998561	0.997453	ok	0	0.000332279	0	0.998561	0	0	0.00110722	ieu-abj-genome-v1	prive2022-hg19	0.5	0.2	5000	0.06	EUR	af-assigned	12243455	True	False	True
ieu-b-4973	/local-scratch/data/opengwas/igd/ieu-b-4973/ieu-b-4973.vcf.gz	LRTI	486484	EUR	European	5803220	0.0047726	EUR	0.998561	0.997454	ok	0	0.000332245	0	0.998561	0	0	0.00110691	ieu-abj-genome-v1	prive2022-hg19	0.5	0.2	5000	0.06	EUR	af-assigned	12243540	True	False	True
ieu-b-4974	/local-scratch/data/opengwas/igd/ieu-b-4974/ieu-b-4974.vcf.gz	LRTI (critical care)	431365	EUR	European	5803220	0.00483539	EUR	0.998699	0.997755	ok	2.32478e-05	0.00033319	0	0.998699	0	0	0.000944261	ieu-abj-genome-v1	prive2022-hg19	0.5	0.2	5000	0.06	EUR	af-assigned	12243334	True	False	True
ieu-b-4975	/local-scratch/data/opengwas/igd/ieu-b-4975/ieu-b-4975.vcf.gz	Osteomyelitis	486484	EUR	European	5803220	0.0047726	EUR	0.998561	0.997454	ok	0	0.000332245	0	0.998561	0	0	0.00110691	ieu-abj-genome-v1	prive2022-hg19	0.5	0.2	5000	0.06	EUR	af-assigned	12243512	True	False	True
ieu-b-4976	/local-scratch/data/opengwas/igd/ieu-b-4976/ieu-b-4976.vcf.gz	Pneumonia	486484	EUR	European	5803220	0.0047726	EUR	0.998561	0.997454	ok	0	0.000332245	0	0.998561	0	0	0.00110691	ieu-abj-genome-v1	prive2022-hg19	0.5	0.2	5000	0.06	EUR	af-assigned	12243546	True	False	True
ieu-b-4977	/local-scratch/data/opengwas/igd/ieu-b-4977/ieu-b-4977.vcf.gz	Pneumonia (28 day death in critical care)	31365	EUR	European	5803220	0.00482057	EUR	0.998703	0.997761	ok	2.37197e-05	0.000331524	0	0.998703	0	0	0.000941831	ieu-abj-genome-v1	prive2022-hg19	0.5	0.2	5000	0.06	EUR	af-assigned	12243326	True	False	True
ieu-b-4978	/local-scratch/data/opengwas/igd/ieu-b-4978/ieu-b-4978.vcf.gz	Pneumonia (critical care)	431365	EUR	European	5803220	0.00483096	EUR	0.998698	0.997755	ok	2.29275e-05	0.000335126	0	0.998698	0	0	0.000943477	ieu-abj-genome-v1	prive2022-hg19	0.5	0.2	5000	0.06	EUR	af-assigned	12243396	True	False	True
ieu-b-4979	/local-scratch/data/opengwas/igd/ieu-b-4979/ieu-b-4979.vcf.gz	Pneumonia (death)	434005	EUR	European	5803220	0.0047726	EUR	0.998561	0.997454	ok	0	0.000332245	0	0.998561	0	0	0.00110691	ieu-abj-genome-v1	prive2022-hg19	0.5	0.2	5000	0.06	EUR	af-assigned	12243501	True	False	True
ieu-b-4980	/local-scratch/data/opengwas/igd/ieu-b-4980/ieu-b-4980.vcf.gz	Sepsis	486484	EUR	European	5803220	0.0047726	EUR	0.998561	0.997454	ok	0	0.000332245	0	0.998561	0	0	0.00110691	ieu-abj-genome-v1	prive2022-hg19	0.5	0.2	5000	0.06	EUR	af-assigned	12243539	True	False	True
ieu-b-4981	/local-scratch/data/opengwas/igd/ieu-b-4981/ieu-b-4981.vcf.gz	Sepsis (28 day death in critical care)	431365	EUR	European	5803220	0.00483539	EUR	0.998699	0.997755	ok	2.32478e-05	0.00033319	0	0.998699	0	0	0.000944261	ieu-abj-genome-v1	prive2022-hg19	0.5	0.2	5000	0.06	EUR	af-assigned	12243324	True	False	True
ieu-b-4982	/local-scratch/data/opengwas/igd/ieu-b-4982/ieu-b-4982.vcf.gz	Sepsis (critical care)	431365	EUR	European	5803220	0.00483539	EUR	0.998699	0.997755	ok	2.32478e-05	0.00033319	0	0.998699	0	0	0.000944261	ieu-abj-genome-v1	prive2022-hg19	0.5	0.2	5000	0.06	EUR	af-assigned	12243372	True	False	True
ieu-b-5007	/local-scratch/data/opengwas/igd/ieu-b-5007/ieu-b-5007.vcf.gz	Schizophrenia	306011	EUR	European	4449985	0.00682722	EUR	0.784105	0.592935	ok	0.00225178	0.00696299	0.19117	0.784105	0.0130945	0.000130969	0.00228532	ieu-abj-genome-v1	prive2022-hg19	0.5	0.2	5000	0.06	EUR	af-assigned	7585076	True	False	True
ieu-b-5008	/local-scratch/data/opengwas/igd/ieu-b-5008/ieu-b-5008.vcf.gz	Autism Spectrum Disorder	46350	Unassigned	European	0	nan		0	0	overlap	0	0	0	0	0	0	0	ieu-abj-genome-v1	prive2022-hg19	0.5	0.2	5000	0.06	EUR	reported-fallback	9073951	True	False	True
ieu-b-5063	/local-scratch/data/opengwas/igd/ieu-b-5063/ieu-b-5063.vcf.gz	URTI	486484	EUR	European	5803220	0.00475495	EUR	0.99856	0.997453	ok	0	0.000332214	0	0.99856	0	0	0.00110736	ieu-abj-genome-v1	prive2022-hg19	0.5	0.2	5000	0.06	EUR	af-assigned	12243497	True	False	True
ieu-b-5064	/local-scratch/data/opengwas/igd/ieu-b-5064/ieu-b-5064.vcf.gz	Sepsis (28 day death)	486484	EUR	European	5803220	0.0047726	EUR	0.998561	0.997454	ok	0	0.000332245	0	0.998561	0	0	0.00110691	ieu-abj-genome-v1	prive2022-hg19	0.5	0.2	5000	0.06	EUR	af-assigned	12243487	True	False	True
ieu-b-5065	/local-scratch/data/opengwas/igd/ieu-b-5065/ieu-b-5065.vcf.gz	UTI	486214	EUR	European	5803220	0.0047726	EUR	0.998561	0.997454	ok	0	0.000332245	0	0.998561	0	0	0.00110691	ieu-abj-genome-v1	prive2022-hg19	0.5	0.2	5000	0.06	EUR	af-assigned	12243545	True	False	True
ieu-b-5066	/local-scratch/data/opengwas/igd/ieu-b-5066/ieu-b-5066.vcf.gz	Sepsis (under 75)	462869	EUR	European	5803220	0.00477268	EUR	0.998563	0.997457	ok	0	0.000331222	0	0.998563	0	0	0.00110612	ieu-abj-genome-v1	prive2022-hg19	0.5	0.2	5000	0.06	EUR	af-assigned	12243540	True	False	True
ieu-b-5067	/local-scratch/data/opengwas/igd/ieu-b-5067/ieu-b-5067.vcf.gz	Alzheimer's disease	488285	EUR	European	5803220	0.00455097	EUR	0.998547	0.997428	ok	0	0.000334989	0	0.998547	0	0	0.00111848	ieu-abj-genome-v1	prive2022-hg19	0.5	0.2	5000	0.06	EUR	af-assigned	12321875	True	False	True
ieu-b-5070	/local-scratch/data/opengwas/igd/ieu-b-5070/ieu-b-5070.vcf.gz	Schizophrenia	58140	EAS	East Asian	5170922	0.0201911	EAS	0.970988	0.955047	ok	0.000532662	0.0159412	0.970988	0	0	0	0.0125383	ieu-abj-genome-v1	prive2022-hg19	0.5	0.2	5000	0.06	EAS	af-assigned	10360199	True	False	True
ieu-b-5071	/local-scratch/data/opengwas/igd/ieu-b-5071/ieu-b-5071.vcf.gz	Cigarettes per day	72655	EAS	East Asian	4912690	0.0164236	EAS	0.995469	0.993589	ok	0.000828542	0.0018233	0.995469	0	0	0	0.00187939	ieu-abj-genome-v1	prive2022-hg19	0.5	0.2	5000	0.06	EAS	af-assigned	13525533	True	False	True
ieu-b-5075	/local-scratch/data/opengwas/igd/ieu-b-5075/ieu-b-5075.vcf.gz	Systolic blood pressure	145505	EAS	East Asian	4912690	0.016461	EAS	0.995322	0.993148	ok	0.000830691	0.00167278	0.995322	0	0	0	0.00217446	ieu-abj-genome-v1	prive2022-hg19	0.5	0.2	5000	0.06	EAS	af-assigned	13230376	True	False	True
ieu-b-5086	/local-scratch/data/opengwas/igd/ieu-b-5086/ieu-b-5086.vcf.gz	Sepsis (28 day death)	486484	EUR	European	5803220	0.0047726	EUR	0.998561	0.997454	ok	0	0.000332245	0	0.998561	0	0	0.00110691	ieu-abj-genome-v1	prive2022-hg19	0.5	0.2	5000	0.06	EUR	af-assigned	12243487	True	False	True
ieu-b-5088	/local-scratch/data/opengwas/igd/ieu-b-5088/ieu-b-5088.vcf.gz	Sepsis (under 75)	462869	EUR	European	5803220	0.00477268	EUR	0.998563	0.997457	ok	0	0.000331222	0	0.998563	0	0	0.00110612	ieu-abj-genome-v1	prive2022-hg19	0.5	0.2	5000	0.06	EUR	af-assigned	12243540	True	False	True
ieu-b-5089	/local-scratch/data/opengwas/igd/ieu-b-5089/ieu-b-5089.vcf.gz	LDL cholesterol	201678	EUR	European	5803220	0.00458972	EUR	0.998574	0.997384	ok	0	0.000236797	0	0.998574	0	0	0.00118961	ieu-abj-genome-v1	prive2022-hg19	0.5	0.2	5000	0.06	EUR	af-assigned	12321875	True	False	True
ieu-b-5098	/local-scratch/data/opengwas/igd/ieu-b-5098/ieu-b-5098.vcf.gz	Schizophrenia	9824	AFR	African American or Afro-Caribbean	4407789	0.0120741	AFR	0.80904	0.656241	ok	0.80904	0.0213039	0.00750102	0.152799	0	0.00458494	0.00477075	ieu-abj-genome-v1	prive2022-hg19	0.5	0.2	5000	0.06	AFR	af-assigned	6315331	True	False	True
ieu-b-5099	/local-scratch/data/opengwas/igd/ieu-b-5099/ieu-b-5099.vcf.gz	Schizophrenia	320404	EUR	Mixed	4449985	0.00598779	EUR	0.769625	0.614715	ok	0.0331298	0.0335582	0.15491	0.769625	0.00750653	0	0.0012696	ieu-abj-genome-v1	prive2022-hg19	0.5	0.2	5000	0.06	EUR	af-assigned	7588946	True	False	True
ieu-b-5100	/local-scratch/data/opengwas/igd/ieu-b-5100/ieu-b-5100.vcf.gz	Schizophrenia	155269	EUR	Mixed	4449985	0.00632783	EUR	0.818201	0.652638	ok	0.00191017	0.00562559	0.165562	0.818201	0.0078322	0	0.000869258	ieu-abj-genome-v1	prive2022-hg19	0.5	0.2	5000	0.06	EUR	af-assigned	7811153	True	False	True
ieu-b-5101	/local-scratch/data/opengwas/igd/ieu-b-5101/ieu-b-5101.vcf.gz	Schizophrenia	27363	EAS	East Asian	4351826	0.0186063	EAS	0.931732	0.893939	ok	5.68515e-05	0.0174926	0.931732	0.0377937	0.00213554	0	0.0107891	ieu-abj-genome-v1	prive2022-hg19	0.5	0.2	5000	0.06	EAS	af-assigned	6849675	True	False	True
ieu-b-5102	/local-scratch/data/opengwas/igd/ieu-b-5102/ieu-b-5102.vcf.gz	Schizophrenia	127906	EUR	European	4442330	0.00487563	EUR	0.984191	0.976369	ok	0.0015913	0.00343654	0.00159476	0.984191	0.00782164	0	0.00136488	ieu-abj-genome-v1	prive2022-hg19	0.5	0.2	5000	0.06	EUR	af-assigned	7659767	True	False	True
ieu-b-5103	/local-scratch/data/opengwas/igd/ieu-b-5103/ieu-b-5103.vcf.gz	Schizophrenia	4324	AMR	Hispanic or Latin American	4422358	0.0220803	AMR	0.900256	0.839816	ok	0.000777558	0.900256	0.0184853	0.0604404	0	0.00842515	0.0116154	ieu-abj-genome-v1	prive2022-hg19	0.5	0.2	5000	0.06	AMR	af-assigned	6861099	True	False	True
ieu-b-5106	/local-scratch/data/opengwas/igd/ieu-b-5106/ieu-b-5106.vcf.gz	Age at menarche	252514	Unassigned	European	0	nan		0	0	overlap	0	0	0	0	0	0	0	ieu-abj-genome-v1	prive2022-hg19	0.5	0.2	5000	0.06	EUR	reported-fallback	10548750	True	False	True
ieu-b-5107	/local-scratch/data/opengwas/igd/ieu-b-5107/ieu-b-5107.vcf.gz	Comparative body size at age 10, Males and Females	453169	EUR	European	5803220	0.0045554	EUR	0.998678	0.997671	ok	0	0.000314408	0	0.998678	0	0	0.0010072	ieu-abj-genome-v1	prive2022-hg19	0.5	0.2	5000	0.06	EUR	af-assigned	12321875	True	False	True
ieu-b-5108	/local-scratch/data/opengwas/igd/ieu-b-5108/ieu-b-5108.vcf.gz	Comparative body size at age 10, Females	246511	EUR	European	5803220	0.00456212	EUR	0.998624	0.997672	ok	0	0.000423553	0	0.998624	0	0	0.000952111	ieu-abj-genome-v1	prive2022-hg19	0.5	0.2	5000	0.06	EUR	af-assigned	12321875	True	False	True
ieu-b-5109	/local-scratch/data/opengwas/igd/ieu-b-5109/ieu-b-5109.vcf.gz	Comparative body size at age 10, Males	206658	EUR	European	5803220	0.00459351	EUR	0.998743	0.99767	ok	0	0.00018421	0	0.998743	0	0	0.00107292	ieu-abj-genome-v1	prive2022-hg19	0.5	0.2	5000	0.06	EUR	af-assigned	12321875	True	False	True
ieu-b-5110	/local-scratch/data/opengwas/igd/ieu-b-5110/ieu-b-5110.vcf.gz	Bipolar disorder bip2021	413466	Unassigned	European	0	nan		0	0	overlap	0	0	0	0	0	0	0	ieu-abj-genome-v1	prive2022-hg19	0.5	0.2	5000	0.06	EUR	reported-fallback	7608183	True	False	True
ieu-b-5112	/local-scratch/data/opengwas/igd/ieu-b-5112/ieu-b-5112.vcf.gz	Preserved ratio impaired spriometry (PRISM)	296282	EUR	European	5803220	0.00466254	EUR	1	1	ok	0	0	0	1	0	0	0	ieu-abj-genome-v1	prive2022-hg19	0.5	0.2	5000	0.06	EUR	af-assigned	12321875	True	False	True
ieu-b-5113	/local-scratch/data/opengwas/igd/ieu-b-5113/ieu-b-5113.vcf.gz	Forced Expiratory Volume (FEV1), adjusted for sex	353315	EUR	European	5803220	0.00459952	EUR	1	1	ok	0	0	0	1	0	0	0	ieu-abj-genome-v1	prive2022-hg19	0.5	0.2	5000	0.06	EUR	af-assigned	12321875	True	False	True
ieu-b-5114	/local-scratch/data/opengwas/igd/ieu-b-5114/ieu-b-5114.vcf.gz	Common schizophrenia alleles are enriched in mutation-intolerant genes and in regions under strong background selection, CLOZUK+PGC2	35802	Unassigned	Mixed	4915695	0.11092	EUR	0.946159	0.927044	residual	0.0191155	0.000746874	0.00509345	0.946159	0.0102454	0.0112287	0.00741082	ieu-abj-genome-v1	prive2022-hg19	0.5	0.2	5000	0.06			8171059	True	False	False
